name	rc_off	rc_ms
amba_case_study.tlsf	1	1
amba_case_study_unreal.tlsf	1	1
amba_decomposed_decode.tlsf	0	0
amba_decomposed_shift.tlsf	0	0
amba_decomposed_tburst4.tlsf	1	1
amba_decomposed_tincr.tlsf	0	0
amba_decomposed_tsingle.tlsf	1	1
amba_decomposed_arbiter.tlsf	1	1
amba_decomposed_encode.tlsf	0	0
amba_decomposed_lock.tlsf	0	0
amba_gr+_pb_10_pe_.tlsf	1	1
amba_gr+_pb_11_pe_.tlsf	1	1
amba_gr+_pb_12_pe_.tlsf	1	1
amba_gr+_pb_2_pe_.tlsf	1	1
amba_gr+_pb_3_pe_.tlsf	1	1
amba_gr+_pb_4_pe_.tlsf	1	1
amba_gr+_pb_5_pe_.tlsf	1	1
amba_gr+_pb_6_pe_.tlsf	1	1
amba_gr+_pb_7_pe_.tlsf	1	1
amba_gr+_pb_8_pe_.tlsf	1	1
amba_gr+_pb_9_pe_.tlsf	1	1
amba_gr_pb_10_pe_.tlsf	1	1
amba_gr_pb_11_pe_.tlsf	1	1
amba_gr_pb_12_pe_.tlsf	1	1
amba_gr_pb_2_pe_.tlsf	0	0
amba_gr_pb_3_pe_.tlsf	1	1
amba_gr_pb_4_pe_.tlsf	1	1
amba_gr_pb_5_pe_.tlsf	1	1
amba_gr_pb_6_pe_.tlsf	1	1
amba_gr_pb_7_pe_.tlsf	1	1
amba_gr_pb_8_pe_.tlsf	1	1
amba_gr_pb_9_pe_.tlsf	1	1
example10.tlsf	1	1
example10a.tlsf	1	1
example7.tlsf	0	0
example7a.tlsf	0	0
example8.tlsf	0	0
example9.tlsf	1	1
abcg_arbiter.tlsf	1	1
arbiter.tlsf	1	1
arbiter_on_inpchange.tlsf	1	1
arbiter_with_buffer.tlsf	1	1
arbiter_with_cancel.tlsf	1	1
rw_arbiter.tlsf	1	1
chomp.tlsf	1	1
collector_v1.tlsf	1	1
collector_v2.tlsf	1	1
collector_v3.tlsf	1	1
full_arbiter.tlsf	1	1
full_arbiter_enc.tlsf	1	1
full_arbiter_unreal1.tlsf	1	1
full_arbiter_unreal2.tlsf	1	1
generalized_buffer.tlsf	1	1
01.tlsf	1	1
02.tlsf	1	1
03.tlsf	1	1
05.tlsf	1	1
06.tlsf	1	1
07.tlsf	1	1
08.tlsf	1	1
09.tlsf	1	1
10.tlsf	1	1
11.tlsf	1	1
12.tlsf	1	1
13.tlsf	1	1
lift.tlsf	1	1
lift_gr1+.tlsf	1	1
lift_gr1.tlsf	1	1
lift_unary_enc.tlsf	1	1
lift_wrong_physics_unreal.tlsf	1	1
lilydemo01.tlsf	1	1
lilydemo02.tlsf	1	1
lilydemo03.tlsf	1	1
lilydemo04.tlsf	1	1
lilydemo04_modified.tlsf	1	1
lilydemo05.tlsf	1	1
lilydemo06.tlsf	1	1
lilydemo07.tlsf	1	1
lilydemo08.tlsf	0	0
lilydemo09.tlsf	1	1
lilydemo10.tlsf	1	1
lilydemo11.tlsf	1	1
lilydemo12.tlsf	1	1
lilydemo13.tlsf	1	1
lilydemo14.tlsf	1	1
lilydemo15.tlsf	1	1
lilydemo16.tlsf	1	1
lilydemo17.tlsf	1	1
lilydemo18.tlsf	1	1
lilydemo19.tlsf	1	1
lilydemo20.tlsf	1	1
lilydemo21.tlsf	0	0
lilydemo22.tlsf	1	1
lilydemo23.tlsf	1	1
load_balancer.tlsf	1	1
load_balancer_unreal1.tlsf	1	1
load_balancer_unreal2.tlsf	1	1
ltl2dba01.tlsf	1	1
ltl2dba02.tlsf	1	1
ltl2dba03.tlsf	1	1
ltl2dba04.tlsf	1	1
ltl2dba05.tlsf	1	1
ltl2dba06.tlsf	1	1
ltl2dba07.tlsf	1	1
ltl2dba08.tlsf	1	1
ltl2dba09.tlsf	1	1
ltl2dba10.tlsf	1	1
ltl2dba11.tlsf	1	1
ltl2dba12.tlsf	1	1
ltl2dba13.tlsf	1	1
ltl2dba14.tlsf	1	1
ltl2dba15.tlsf	1	1
ltl2dba16.tlsf	1	1
ltl2dba17.tlsf	1	1
ltl2dba18.tlsf	1	1
ltl2dba19.tlsf	1	1
ltl2dba20.tlsf	1	1
ltl2dba21.tlsf	1	1
ltl2dba22.tlsf	0	0
ltl2dba23.tlsf	1	1
ltl2dba25.tlsf	1	1
ltl2dba26.tlsf	1	1
ltl2dba27.tlsf	1	1
ltl2dba_C2.tlsf	1	1
ltl2dba_C2_unreal.tlsf	1	1
ltl2dba_E.tlsf	1	1
ltl2dba_Q.tlsf	1	1
ltl2dba_R.tlsf	1	1
ltl2dba_U1.tlsf	1	1
ltl2dba_alpha.tlsf	1	1
ltl2dba_beta.tlsf	1	1
ltl2dba_theta.tlsf	1	1
ltl2dpa01.tlsf	1	1
ltl2dpa02.tlsf	1	1
ltl2dpa03.tlsf	1	1
ltl2dpa04.tlsf	1	1
ltl2dpa05.tlsf	1	1
ltl2dpa06.tlsf	1	1
ltl2dpa07.tlsf	1	1
ltl2dpa08.tlsf	1	1
ltl2dpa09.tlsf	1	1
ltl2dpa10.tlsf	1	1
ltl2dpa11.tlsf	1	1
ltl2dpa12.tlsf	1	1
ltl2dpa13.tlsf	1	1
ltl2dpa14.tlsf	1	1
ltl2dpa15.tlsf	1	1
ltl2dpa16.tlsf	1	1
ltl2dpa17.tlsf	1	1
ltl2dpa18.tlsf	1	1
ltl2dpa19.tlsf	1	1
ltl2dpa20.tlsf	1	1
ltl2dpa22.tlsf	1	1
ltl2dpa23.tlsf	1	1
ltl2dpa24.tlsf	1	1
finding_nemo_pb_1_pe_.tlsf	1	1
finding_nemo_pb_2_pe_.tlsf	1	1
finding_nemo_pb_3_pe_.tlsf	1	1
finding_nemo_pb_4_pe_.tlsf	1	1
finding_nemo_pb_5_pe_.tlsf	1	1
finding_nemo_pb_6_pe_.tlsf	1	1
finding_nemo_pb_7_pe_.tlsf	1	1
workstation_resupply_pb_1_pe_.tlsf	1	1
workstation_resupply_pb_2_pe_.tlsf	1	1
workstation_resupply_pb_3_pe_.tlsf	1	1
workstation_resupply_pb_4_pe_.tlsf	1	1
workstation_resupply_pb_5_pe_.tlsf	1	1
workstation_resupply_pb_6_pe_.tlsf	1	1
workstation_resupply_pb_7_pe_.tlsf	1	1
simple_arbiter_with_hints.tlsf	1	1
mux.tlsf	0	0
narylatch.tlsf	0	0
prioritized_arbiter.tlsf	1	1
prioritized_arbiter_enc.tlsf	1	1
prioritized_arbiter_unreal1.tlsf	1	1
prioritized_arbiter_unreal2.tlsf	1	1
gr_1.tlsf	1	1
gr_2.tlsf	1	1
gr_3.tlsf	1	1
gr_4.tlsf	1	1
gr_5.tlsf	1	1
gr_6.tlsf	1	1
gr_7.tlsf	1	1
gr_8.tlsf	1	1
ltl_1.tlsf	1	1
ltl_2.tlsf	1	1
ltl_3.tlsf	1	1
ltl_4.tlsf	1	1
ltl_5.tlsf	1	1
ltl_6.tlsf	1	1
ltl_7.tlsf	1	1
ltl_8.tlsf	1	1
robot_grid.tlsf	1	1
round_robin_arbiter.tlsf	0	0
round_robin_arbiter_unreal1.tlsf	1	1
round_robin_arbiter_unreal2.tlsf	1	1
01.tlsf	1	1
02.tlsf	1	1
03.tlsf	1	1
05.tlsf	1	1
06.tlsf	1	1
07.tlsf	1	1
08.tlsf	1	1
09.tlsf	1	1
10.tlsf	1	1
11.tlsf	1	1
12.tlsf	1	1
13.tlsf	1	1
ActionConverter.tlsf	0	0
AlarmMin_efe2feaf.tlsf	1	1
Alarm_06e9cad4.tlsf	1	1
Alarm_2d1010f8.tlsf	1	1
Alarm_68c86764.tlsf	1	1
Alarm_70523fbe.tlsf	1	1
Alarm_88c5c1c3.tlsf	1	1
Alarm_9cac58d3.tlsf	1	1
Alarm_a5f99bc6.tlsf	1	1
Alarm_f2774e0b.tlsf	1	1
AllHeating_d6376bf9.tlsf	1	1
AllLights_06e9cad4.tlsf	1	1
AllLights_2c5b09da.tlsf	1	1
AllLights_63831f8c.tlsf	1	1
AllLights_aeb1d897.tlsf	1	1
AllLights_b209ff21.tlsf	1	1
AllLights_d6c5ac79.tlsf	1	1
AllShades_66f450a4.tlsf	1	1
Assumptions_a50cadd7.tlsf	1	1
Automata.tlsf	0	0
Automata16S.tlsf	1	1
Automata32S.tlsf	1	1
Button.tlsf	0	0
CheckAlarmBroken1_1a2942e3.tlsf	1	1
CheckAlarm_6bea956e.tlsf	1	1
CheckCoffeMachineBroken1_a5f99bc6.tlsf	1	1
CheckCoffeMachine_3461125b.tlsf	1	1
CheckCoffeMachine_f3987563.tlsf	1	1
CheckDoor_c2b9e44d.tlsf	1	1
CheckHeating_2418b67e.tlsf	1	1
CheckHeating_3461125b.tlsf	1	1
CheckLight_007df645.tlsf	1	1
CheckLight_aeb1d897.tlsf	1	1
CheckRoom_06e9cad4.tlsf	0	0
CheckRoom_2c5b09da.tlsf	0	0
CheckRoom_3916ec59.tlsf	0	0
CheckRoom_70523fbe.tlsf	0	0
CheckShades_1a2942e3.tlsf	1	1
CheckShades_3461125b.tlsf	1	1
CheckShades_4d4ca5c4.tlsf	1	1
CheckShades_aeb1d897.tlsf	1	1
CheckTime_3916ec59.tlsf	0	0
CheckTime_4b5e6eaa.tlsf	0	0
CheckTime_54e1f7d2.tlsf	0	0
CheckTimer_54e1f7d2.tlsf	1	1
CheckTimer_fa8592c8.tlsf	1	1
CheckWarnlightBroken1_70523fbe.tlsf	1	1
CheckWarnlight_1cf58fc1.tlsf	1	1
CheckWarnlight_4b5a2bad.tlsf	1	1
CheckWarnlight_54e1f7d2.tlsf	1	1
CheckWarnlight_6bea956e.tlsf	1	1
CheckWindows_54e1f7d2.tlsf	0	0
Cockpitboard.tlsf	0	0
Cockpitboard_efe2feaf.tlsf	0	0
CoffeMachine_974f4a68.tlsf	1	1
CoffeMachine_a50cadd7.tlsf	1	1
CoffeeMin_88f351a6.tlsf	1	1
Coffee_06e9cad4.tlsf	1	1
Coffee_235467da.tlsf	1	1
Coffee_2c5b09da.tlsf	1	1
Coffee_6479ef9a.tlsf	1	1
Coffee_d6376bf9.tlsf	1	1
Coffee_efe2feaf.tlsf	1	1
Coffee_f1477cc5.tlsf	1	1
Core_4b5a2bad.tlsf	1	1
Core_66f450a4.tlsf	1	1
Core_fa4d4ce3.tlsf	1	1
Core_solved_974f4a68.tlsf	1	1
Demo1_06e9cad4.tlsf	1	1
Demo1_2c5b09da.tlsf	1	1
Demo1_63831f8c.tlsf	1	1
Demo1_c2b9e44d.tlsf	1	1
Demo1_d65ed84e.tlsf	1	1
DeviceBehaviorChec_fa8592c8.tlsf	1	1
Door_2d1010f8.tlsf	1	1
EnemeyModule.tlsf	0	0
EscalatorBidirectional.tlsf	0	0
EscalatorBidirectionalInit.tlsf	0	0
EscalatorCounting.tlsf	0	0
EscalatorCountingInit.tlsf	0	0
EscalatorNonCounting.tlsf	0	0
EscalatorNonReactive.tlsf	0	0
EscalatorSmart.tlsf	1	1
Example1_d6376bf9.tlsf	0	0
F-G-contradiction-10.tlsf	1	1
F-G-contradiction-11.tlsf	1	1
F-G-contradiction-110.tlsf	1	1
F-G-contradiction-111.tlsf	1	1
F-G-contradiction-112.tlsf	1	1
F-G-contradiction-113.tlsf	1	1
F-G-contradiction-114.tlsf	1	1
F-G-contradiction-12.tlsf	1	1
F-G-contradiction-13.tlsf	1	1
F-G-contradiction-14.tlsf	1	1
F-G-contradiction-15.tlsf	1	1
F-G-contradiction-16.tlsf	1	1
F-G-contradiction-17.tlsf	1	1
F-G-contradiction-18.tlsf	1	1
F-G-contradiction-19.tlsf	1	1
F-G-contradiction-2-unreal.tlsf	1	1
FelixSpecFixed2.2.core_fa8592c8.tlsf	1	1
FelixSpecFixed2_fa4d4ce3.tlsf	1	1
FelixSpecFixed3.core_b209ff21.tlsf	1	1
FelixSpecFixed3_b0840146.tlsf	1	1
FelixSpecFixed4GuaranteesOnly_88f351a6.tlsf	1	1
FelixSpecFixed4_3916ec59.tlsf	1	1
FelixSpecFixed5_f82794da.tlsf	1	1
FelixSpecFixed_2418b67e.tlsf	1	1
Full_f1477cc5.tlsf	1	1
GF-G-contradiction0.tlsf	1	1
GF-G-contradiction1.tlsf	1	1
GF-G-contradiction2.tlsf	1	1
GF-G-contradiction3.tlsf	1	1
GF-G-contradiction4.tlsf	1	1
GF-G-contradiction5.tlsf	1	1
GF-G-contradiction6.tlsf	1	1
GF-G-contradiction7.tlsf	1	1
Gamelogic.tlsf	0	0
GamemodeChooser.tlsf	0	0
Gamemodule.tlsf	0	0
HeatingMin_d6c5ac79.tlsf	1	1
Heating_235467da.tlsf	1	1
Heating_974f4a68.tlsf	1	1
Heating_b02056d6.tlsf	1	1
Heating_b209ff21.tlsf	1	1
Increment.tlsf	0	0
IntendDemo_42dc4fff.tlsf	1	1
KitchenTimerV0.tlsf	0	0
KitchenTimerV1.tlsf	0	0
KitchenTimerV10.tlsf	1	1
KitchenTimerV2.tlsf	0	0
KitchenTimerV3.tlsf	0	0
KitchenTimerV4.tlsf	0	0
KitchenTimerV5.tlsf	0	0
KitchenTimerV6.tlsf	0	0
KitchenTimerV7.tlsf	0	0
KitchenTimerV8.tlsf	0	0
KitchenTimerV9.tlsf	0	0
LampController_974f4a68.tlsf	1	1
LedMatrix.tlsf	1	1
Light_a50cadd7.tlsf	1	1
Light_aeb1d897.tlsf	1	1
Light_d65ed84e.tlsf	1	1
Lights2Min_9cbf2546.tlsf	1	1
Lights2_06e9cad4.tlsf	1	1
Lights2_0f5381e9.tlsf	1	1
Lights2_2c5b09da.tlsf	1	1
Lights2_9cac58d3.tlsf	1	1
Lights2_b02056d6.tlsf	1	1
Lights2_f1477cc5.tlsf	1	1
Lights2_f3987563.tlsf	1	1
Lights3Min_6479ef9a.tlsf	1	1
Lights3_06e9cad4.tlsf	1	1
Lights3_235467da.tlsf	1	1
Lights3_2c5b09da.tlsf	1	1
Lights3_3916ec59.tlsf	1	1
Lights3_6bea956e.tlsf	1	1
Lights3_f1477cc5.tlsf	1	1
LightsMin_6bea956e.tlsf	1	1
LightsTotal_06e9cad4.tlsf	1	1
LightsTotal_2c5b09da.tlsf	1	1
LightsTotal_9cbf2546.tlsf	1	1
LightsTotal_d65ed84e.tlsf	1	1
Lights_06e9cad4.tlsf	1	1
Lights_2c5b09da.tlsf	1	1
Lights_3461125b.tlsf	1	1
Lights_9cac58d3.tlsf	1	1
Lights_b0840146.tlsf	1	1
Lights_f3987563.tlsf	1	1
ModdifiedLedMatrix4X.tlsf	1	1
ModdifiedLedMatrix5X.tlsf	1	1
Morning2Min_6cbc6174.tlsf	1	1
Morning2_06e9cad4.tlsf	1	1
Morning2_1cf58fc1.tlsf	1	1
Morning2_2c5b09da.tlsf	1	1
Morning2_407db2cc.tlsf	1	1
Morning2_4d4ca5c4.tlsf	1	1
Morning2_63831f8c.tlsf	1	1
Morning2_68c86764.tlsf	1	1
Morning2_9cac58d3.tlsf	1	1
Morning2_d65ed84e.tlsf	1	1
Morning2s_06cf2373.tlsf	1	1
Morning2s_06e9cad4.tlsf	1	1
Morning2s_2c5b09da.tlsf	1	1
Morning2s_42dc4fff.tlsf	1	1
Morning2s_9cbf2546.tlsf	1	1
Morning2s_d6c5ac79.tlsf	1	1
MorningMin_d6c5ac79.tlsf	1	1
Morning_14a3b3a2.tlsf	1	1
Morning_4b5e6eaa.tlsf	1	1
Morning_88c5c1c3.tlsf	1	1
Morning_9cac58d3.tlsf	1	1
Morning_c92eb242.tlsf	1	1
Morning_f1477cc5.tlsf	1	1
Morning_f2774e0b.tlsf	1	1
MusicAppFeedback.tlsf	1	1
MusicAppMotivating.tlsf	0	0
MusicAppSimple.tlsf	1	1
OneCounter.tlsf	0	0
OneCounterGui.tlsf	1	1
OneCounterGuiA1.tlsf	1	1
OneCounterGuiA2.tlsf	1	1
OneCounterGuiA3.tlsf	1	1
OneCounterGuiA4.tlsf	1	1
OneCounterGuiA5.tlsf	1	1
OneCounterGuiA6.tlsf	1	1
OneCounterGuiA7.tlsf	1	1
OneCounterGuiA8.tlsf	1	1
OneCounterInRange.tlsf	1	1
OneCounterInRangeA1.tlsf	1	1
OneCounterInRangeA2.tlsf	1	1
OneCounterInRangeA3.tlsf	0	0
PlugController_fa4d4ce3.tlsf	1	1
Radarboard.tlsf	0	0
RegManager.tlsf	0	0
Room_a50cadd7.tlsf	0	0
RotationCalculator.tlsf	0	0
SPI.tlsf	0	0
SPIPureNext.tlsf	1	1
SPIReadClk.tlsf	0	0
SPIReadManag.tlsf	1	1
SPIReadSdi.tlsf	0	0
SPIWriteClk.tlsf	0	0
SPIWriteManag.tlsf	1	1
SPIWriteSdi.tlsf	0	0
Scoreboard.tlsf	0	0
Sensor.tlsf	1	1
SensorInit.tlsf	0	0
SensorPart.tlsf	0	0
SensorRegister.tlsf	0	0
SensorSelector.tlsf	0	0
SensorSubmodulChooser.tlsf	0	0
Shades2Min_63831f8c.tlsf	1	1
Shades2_235467da.tlsf	1	1
Shades2_42dc4fff.tlsf	1	1
Shades2_70523fbe.tlsf	1	1
Shades2_a5f99bc6.tlsf	1	1
ShadesMin_aeb1d897.tlsf	1	1
Shades_6479ef9a.tlsf	1	1
Shades_974f4a68.tlsf	1	1
Shades_9cac58d3.tlsf	1	1
Shades_a02758ea.tlsf	1	1
SingleContoller_d65ed84e.tlsf	1	1
SliderDefault.tlsf	1	1
SliderDelayed.tlsf	1	1
SliderScored.tlsf	1	1
System_b0840146.tlsf	1	1
Time_a50cadd7.tlsf	0	0
Timer_a50cadd7.tlsf	0	0
TorcsAccelerating.tlsf	0	0
TorcsGearing.tlsf	0	0
TorcsSimple.tlsf	0	0
TorcsSteeringImproved.tlsf	1	1
TorcsSteeringSimple.tlsf	0	0
TorcsSteeringSmart.tlsf	1	1
TwoCounters.tlsf	1	1
TwoCounters2.tlsf	1	1
TwoCounters3.tlsf	0	0
TwoCounters4.tlsf	0	0
TwoCounters5.tlsf	1	1
TwoCountersDisButA0.tlsf	1	1
TwoCountersDisButA1.tlsf	1	1
TwoCountersDisButA2.tlsf	1	1
TwoCountersDisButA3.tlsf	1	1
TwoCountersDisButA4.tlsf	1	1
TwoCountersDisButA5.tlsf	1	1
TwoCountersDisButA6.tlsf	1	1
TwoCountersDisButA7.tlsf	1	1
TwoCountersDisButA8.tlsf	1	1
TwoCountersDisButA9.tlsf	1	1
TwoCountersDisButAC.tlsf	1	1
TwoCountersGui.tlsf	1	1
TwoCountersInRange.tlsf	1	1
TwoCountersInRangeA1.tlsf	1	1
TwoCountersInRangeA2.tlsf	1	1
TwoCountersInRangeA3.tlsf	1	1
TwoCountersInRangeA4.tlsf	1	1
TwoCountersInRangeA5.tlsf	1	1
TwoCountersInRangeM0.tlsf	1	1
TwoCountersInRangeM1.tlsf	1	1
TwoCountersInRangeM2.tlsf	1	1
TwoCountersInRangeM3.tlsf	1	1
TwoCountersInRangeM4.tlsf	1	1
TwoCountersRefined.tlsf	1	1
TwoCountersRefinedRefined.tlsf	0	0
UnderapproxDemo2.tlsf	0	0
UnderapproxStrengthenedDemo.tlsf	0	0
Warnlight_2d1010f8.tlsf	1	1
Warnlight_a50cadd7.tlsf	1	1
Window2Min_88c5c1c3.tlsf	1	1
Window2_54e1f7d2.tlsf	1	1
Window2_6479ef9a.tlsf	1	1
Window2_9cac58d3.tlsf	1	1
Window2_aeb1d897.tlsf	1	1
Window2_f1477cc5.tlsf	1	1
WindowMin_a5f99bc6.tlsf	1	1
Window_235467da.tlsf	1	1
Window_42dc4fff.tlsf	1	1
Window_54e1f7d2.tlsf	1	1
Zoo0.tlsf	1	1
Zoo10.tlsf	1	1
Zoo5.tlsf	1	1
abcg_arbiter_pb_10_pe_.tlsf	1	1
abcg_arbiter_pb_1_pe_.tlsf	1	1
abcg_arbiter_pb_2_pe_.tlsf	1	1
abcg_arbiter_pb_3_pe_.tlsf	1	1
abcg_arbiter_pb_4_pe_.tlsf	1	1
abcg_arbiter_pb_5_pe_.tlsf	1	1
abcg_arbiter_pb_6_pe_.tlsf	1	1
abcg_arbiter_pb_7_pe_.tlsf	1	1
abcg_arbiter_pb_8_pe_.tlsf	1	1
abcg_arbiter_pb_9_pe_.tlsf	1	1
amba_case_study_pb_2_pe_.tlsf	1	1
amba_case_study_pb_3_pe_.tlsf	1	1
amba_case_study_pb_4_pe_.tlsf	1	1
amba_case_study_pb_5_pe_.tlsf	1	1
amba_case_study_pb_6_pe_.tlsf	1	1
amba_case_study_unreal_pb_2_pe_.tlsf	1	1
amba_case_study_unreal_pb_3_pe_.tlsf	1	1
amba_case_study_unreal_pb_4_pe_.tlsf	1	1
amba_case_study_unreal_pb_5_pe_.tlsf	1	1
amba_decomposed_arbiter_pb_10_pe_.tlsf	1	1
amba_decomposed_arbiter_pb_11_pe_.tlsf	1	1
amba_decomposed_arbiter_pb_12_pe_.tlsf	1	1
amba_decomposed_arbiter_pb_13_pe_.tlsf	1	1
amba_decomposed_arbiter_pb_14_pe_.tlsf	1	1
amba_decomposed_arbiter_pb_15_pe_.tlsf	1	1
amba_decomposed_arbiter_pb_16_pe_.tlsf	1	1
amba_decomposed_arbiter_pb_2_pe_.tlsf	1	1
amba_decomposed_arbiter_pb_3_pe_.tlsf	1	1
amba_decomposed_arbiter_pb_4_pe_.tlsf	1	1
amba_decomposed_arbiter_pb_5_pe_.tlsf	1	1
amba_decomposed_arbiter_pb_6_pe_.tlsf	1	1
amba_decomposed_arbiter_pb_7_pe_.tlsf	1	1
amba_decomposed_arbiter_pb_8_pe_.tlsf	1	1
amba_decomposed_arbiter_pb_9_pe_.tlsf	1	1
amba_decomposed_decode.tlsf	0	0
amba_decomposed_encode_pb_10_pe_.tlsf	0	0
amba_decomposed_encode_pb_11_pe_.tlsf	0	0
amba_decomposed_encode_pb_12_pe_.tlsf	0	0
amba_decomposed_encode_pb_13_pe_.tlsf	0	0
amba_decomposed_encode_pb_14_pe_.tlsf	0	0
amba_decomposed_encode_pb_15_pe_.tlsf	0	0
amba_decomposed_encode_pb_16_pe_.tlsf	0	0
amba_decomposed_encode_pb_20_pe_.tlsf	0	0
amba_decomposed_encode_pb_25_pe_.tlsf	0	0
amba_decomposed_encode_pb_28_pe_.tlsf	0	0
amba_decomposed_encode_pb_2_pe_.tlsf	0	0
amba_decomposed_encode_pb_3_pe_.tlsf	0	0
amba_decomposed_encode_pb_4_pe_.tlsf	0	0
amba_decomposed_encode_pb_5_pe_.tlsf	0	0
amba_decomposed_encode_pb_6_pe_.tlsf	0	0
amba_decomposed_encode_pb_7_pe_.tlsf	0	0
amba_decomposed_encode_pb_8_pe_.tlsf	0	0
amba_decomposed_encode_pb_9_pe_.tlsf	0	0
amba_decomposed_lock_pb_100_pe_.tlsf	1	1
amba_decomposed_lock_pb_10_pe_.tlsf	0	0
amba_decomposed_lock_pb_11_pe_.tlsf	0	0
amba_decomposed_lock_pb_120_pe_.tlsf	1	1
amba_decomposed_lock_pb_12_pe_.tlsf	0	0
amba_decomposed_lock_pb_13_pe_.tlsf	0	0
amba_decomposed_lock_pb_14_pe_.tlsf	0	0
amba_decomposed_lock_pb_150_pe_.tlsf	1	1
amba_decomposed_lock_pb_15_pe_.tlsf	0	0
amba_decomposed_lock_pb_16_pe_.tlsf	0	0
amba_decomposed_lock_pb_200_pe_.tlsf	1	1
amba_decomposed_lock_pb_2_pe_.tlsf	0	0
amba_decomposed_lock_pb_30_pe_.tlsf	1	1
amba_decomposed_lock_pb_3_pe_.tlsf	0	0
amba_decomposed_lock_pb_4_pe_.tlsf	0	0
amba_decomposed_lock_pb_5_pe_.tlsf	0	0
amba_decomposed_lock_pb_60_pe_.tlsf	1	1
amba_decomposed_lock_pb_6_pe_.tlsf	0	0
amba_decomposed_lock_pb_7_pe_.tlsf	0	0
amba_decomposed_lock_pb_8_pe_.tlsf	0	0
amba_decomposed_lock_pb_9_pe_.tlsf	0	0
amba_decomposed_shift.tlsf	0	0
amba_decomposed_tburst4.tlsf	1	1
amba_decomposed_tincr.tlsf	0	0
amba_decomposed_tsingle.tlsf	1	1
amba_gr+_pb_10_pe_.tlsf	1	1
amba_gr+_pb_11_pe_.tlsf	1	1
amba_gr+_pb_12_pe_.tlsf	1	1
amba_gr+_pb_2_pe_.tlsf	1	1
amba_gr+_pb_3_pe_.tlsf	1	1
amba_gr+_pb_4_pe_.tlsf	1	1
amba_gr+_pb_5_pe_.tlsf	1	1
amba_gr+_pb_6_pe_.tlsf	1	1
amba_gr+_pb_7_pe_.tlsf	1	1
amba_gr+_pb_8_pe_.tlsf	1	1
amba_gr+_pb_9_pe_.tlsf	1	1
amba_gr_pb_10_pe_.tlsf	1	1
amba_gr_pb_11_pe_.tlsf	1	1
amba_gr_pb_12_pe_.tlsf	1	1
amba_gr_pb_2_pe_.tlsf	0	0
amba_gr_pb_3_pe_.tlsf	1	1
amba_gr_pb_4_pe_.tlsf	1	1
amba_gr_pb_5_pe_.tlsf	1	1
amba_gr_pb_6_pe_.tlsf	1	1
amba_gr_pb_7_pe_.tlsf	1	1
amba_gr_pb_8_pe_.tlsf	1	1
amba_gr_pb_9_pe_.tlsf	1	1
arbiter-paper-unreal-unreal.tlsf	1	1
arbiter-with-failure-real.tlsf	1	1
arbiter_on_inpchange_pb_10_pe_.tlsf	1	1
arbiter_on_inpchange_pb_1_pe_.tlsf	1	1
arbiter_on_inpchange_pb_2_pe_.tlsf	1	1
arbiter_on_inpchange_pb_3_pe_.tlsf	1	1
arbiter_on_inpchange_pb_4_pe_.tlsf	1	1
arbiter_on_inpchange_pb_5_pe_.tlsf	1	1
arbiter_on_inpchange_pb_6_pe_.tlsf	1	1
arbiter_on_inpchange_pb_7_pe_.tlsf	1	1
arbiter_on_inpchange_pb_8_pe_.tlsf	1	1
arbiter_on_inpchange_pb_9_pe_.tlsf	1	1
arbiter_pb_10_pe_.tlsf	1	1
arbiter_pb_1_pe_.tlsf	1	1
arbiter_pb_2_pe_.tlsf	1	1
arbiter_pb_3_pe_.tlsf	1	1
arbiter_pb_4_pe_.tlsf	1	1
arbiter_pb_5_pe_.tlsf	1	1
arbiter_pb_6_pe_.tlsf	1	1
arbiter_pb_7_pe_.tlsf	1	1
arbiter_pb_8_pe_.tlsf	1	1
arbiter_pb_9_pe_.tlsf	1	1
arbiter_with_buffer_pb_10_pe_.tlsf	1	1
arbiter_with_buffer_pb_1_pe_.tlsf	1	1
arbiter_with_buffer_pb_2_pe_.tlsf	1	1
arbiter_with_buffer_pb_3_pe_.tlsf	1	1
arbiter_with_buffer_pb_4_pe_.tlsf	1	1
arbiter_with_buffer_pb_5_pe_.tlsf	1	1
arbiter_with_buffer_pb_6_pe_.tlsf	1	1
arbiter_with_buffer_pb_7_pe_.tlsf	1	1
arbiter_with_buffer_pb_8_pe_.tlsf	1	1
arbiter_with_buffer_pb_9_pe_.tlsf	1	1
arbiter_with_cancel_pb_10_pe_.tlsf	1	1
arbiter_with_cancel_pb_1_pe_.tlsf	1	1
arbiter_with_cancel_pb_2_pe_.tlsf	1	1
arbiter_with_cancel_pb_3_pe_.tlsf	1	1
arbiter_with_cancel_pb_4_pe_.tlsf	1	1
arbiter_with_cancel_pb_5_pe_.tlsf	1	1
arbiter_with_cancel_pb_6_pe_.tlsf	1	1
arbiter_with_cancel_pb_7_pe_.tlsf	1	1
arbiter_with_cancel_pb_8_pe_.tlsf	1	1
arbiter_with_cancel_pb_9_pe_.tlsf	1	1
batch-arbiter-real.tlsf	1	1
box-limited-real.tlsf	0	0
box-real.tlsf	0	0
box0.tlsf	0	0
box1.tlsf	0	0
buffer-storage-real.tlsf	1	1
chain-4-real.tlsf	1	1
chain-5-real.tlsf	1	1
chain-60.tlsf	1	1
chain-70.tlsf	1	1
chain-simple-10-real.tlsf	1	1
chain-simple-20-real.tlsf	1	1
chain-simple-30-real.tlsf	1	1
chain-simple-40-real.tlsf	1	1
chain-simple-5-real.tlsf	1	1
chain-simple-50-real.tlsf	1	1
chain-simple-60-real.tlsf	1	1
chain-simple-70-real.tlsf	1	1
chain-simple-param-70-real.tlsf	1	1
chomp_pb_2_2_pe_.tlsf	1	1
chomp_pb_2_3_pe_.tlsf	1	1
chomp_pb_2_4_pe_.tlsf	1	1
chomp_pb_2_5_pe_.tlsf	1	1
chomp_pb_2_6_pe_.tlsf	1	1
chomp_pb_3_2_pe_.tlsf	1	1
chomp_pb_3_3_pe_.tlsf	1	1
chomp_pb_3_4_pe_.tlsf	1	1
chomp_pb_3_5_pe_.tlsf	1	1
chomp_pb_3_6_pe_.tlsf	1	1
chomp_pb_4_2_pe_.tlsf	1	1
chomp_pb_4_3_pe_.tlsf	1	1
chomp_pb_4_4_pe_.tlsf	1	1
chomp_pb_4_5_pe_.tlsf	1	1
chomp_pb_4_6_pe_.tlsf	1	1
collector_v1_pb_11_pe_.tlsf	1	1
collector_v1_pb_12_pe_.tlsf	1	1
collector_v1_pb_13_pe_.tlsf	1	1
collector_v1_pb_14_pe_.tlsf	1	1
collector_v1_pb_15_pe_.tlsf	1	1
collector_v1_pb_27_pe_.tlsf	1	1
collector_v1_pb_3_pe_.tlsf	1	1
collector_v1_pb_5_pe_.tlsf	1	1
collector_v1_pb_7_pe_.tlsf	1	1
collector_v1_pb_9_pe_.tlsf	1	1
collector_v2_pb_10_pe_.tlsf	1	1
collector_v2_pb_11_pe_.tlsf	1	1
collector_v2_pb_12_pe_.tlsf	1	1
collector_v2_pb_13_pe_.tlsf	1	1
collector_v2_pb_15_pe_.tlsf	1	1
collector_v2_pb_27_pe_.tlsf	1	1
collector_v2_pb_3_pe_.tlsf	1	1
collector_v2_pb_5_pe_.tlsf	1	1
collector_v2_pb_7_pe_.tlsf	1	1
collector_v2_pb_9_pe_.tlsf	1	1
collector_v3_pb_10_pe_.tlsf	1	1
collector_v3_pb_11_pe_.tlsf	1	1
collector_v3_pb_12_pe_.tlsf	1	1
collector_v3_pb_13_pe_.tlsf	1	1
collector_v3_pb_15_pe_.tlsf	1	1
collector_v3_pb_27_pe_.tlsf	1	1
collector_v3_pb_3_pe_.tlsf	1	1
collector_v3_pb_5_pe_.tlsf	1	1
collector_v3_pb_7_pe_.tlsf	1	1
collector_v3_pb_9_pe_.tlsf	1	1
diagonal-real.tlsf	0	0
door_locking_problem_d6c5ac79.tlsf	1	1
elevator-paper-real.tlsf	1	1
evasion-real.tlsf	0	0
evasion0.tlsf	0	0
example10_pb_1_pe_.tlsf	1	1
example10_pb_2_pe_.tlsf	1	1
example10a_pb_1_pe_.tlsf	1	1
example10a_pb_2_pe_.tlsf	1	1
example7_pb_1_pe_.tlsf	0	0
example7_pb_2_pe_.tlsf	0	0
example7a_pb_1_pe_.tlsf	0	0
example7a_pb_2_pe_.tlsf	0	0
example8_pb_1_pe_.tlsf	0	0
example8_pb_2_pe_.tlsf	0	0
example9_pb_1_pe_.tlsf	1	1
example9_pb_2_pe_.tlsf	1	1
f-real-real.tlsf	1	1
f-unreal-unreal.tlsf	0	0
finding_nemo_pb_1_pe_.tlsf	1	1
finding_nemo_pb_2_pe_.tlsf	1	1
finding_nemo_pb_3_pe_.tlsf	1	1
finding_nemo_pb_4_pe_.tlsf	1	1
finding_nemo_pb_5_pe_.tlsf	1	1
finding_nemo_pb_6_pe_.tlsf	1	1
finding_nemo_pb_7_pe_.tlsf	1	1
follow0.tlsf	0	0
follow1.tlsf	0	0
follow2.tlsf	0	0
follow3.tlsf	0	0
full_arbiter_enc_pb_10_pe_.tlsf	1	1
full_arbiter_enc_pb_12_pe_.tlsf	1	1
full_arbiter_enc_pb_8_pe_.tlsf	1	1
full_arbiter_unreal1_pb_2_10_pe_.tlsf	1	1
full_arbiter_unreal1_pb_2_11_pe_.tlsf	1	1
full_arbiter_unreal1_pb_2_12_pe_.tlsf	1	1
full_arbiter_unreal1_pb_2_13_pe_.tlsf	1	1
full_arbiter_unreal1_pb_2_14_pe_.tlsf	1	1
full_arbiter_unreal1_pb_2_15_pe_.tlsf	1	1
full_arbiter_unreal1_pb_2_16_pe_.tlsf	1	1
full_arbiter_unreal1_pb_2_18_pe_.tlsf	1	1
full_arbiter_unreal1_pb_2_1_pe_.tlsf	1	1
full_arbiter_unreal1_pb_2_20_pe_.tlsf	1	1
full_arbiter_unreal1_pb_2_21_pe_.tlsf	1	1
full_arbiter_unreal1_pb_2_22_pe_.tlsf	1	1
full_arbiter_unreal1_pb_2_24_pe_.tlsf	1	1
full_arbiter_unreal1_pb_2_26_pe_.tlsf	1	1
full_arbiter_unreal1_pb_2_2_pe_.tlsf	1	1
full_arbiter_unreal1_pb_2_3_pe_.tlsf	1	1
full_arbiter_unreal1_pb_2_4_pe_.tlsf	1	1
full_arbiter_unreal1_pb_2_5_pe_.tlsf	1	1
full_arbiter_unreal1_pb_2_6_pe_.tlsf	1	1
full_arbiter_unreal1_pb_2_7_pe_.tlsf	1	1
full_arbiter_unreal1_pb_2_8_pe_.tlsf	1	1
full_arbiter_unreal1_pb_2_9_pe_.tlsf	1	1
full_arbiter_unreal1_pb_3_10_pe_.tlsf	1	1
full_arbiter_unreal1_pb_3_11_pe_.tlsf	1	1
full_arbiter_unreal1_pb_3_12_pe_.tlsf	1	1
full_arbiter_unreal1_pb_3_13_pe_.tlsf	1	1
full_arbiter_unreal1_pb_3_14_pe_.tlsf	1	1
full_arbiter_unreal1_pb_3_15_pe_.tlsf	1	1
full_arbiter_unreal1_pb_3_16_pe_.tlsf	1	1
full_arbiter_unreal1_pb_3_1_pe_.tlsf	1	1
full_arbiter_unreal1_pb_3_2_pe_.tlsf	1	1
full_arbiter_unreal1_pb_3_3_pe_.tlsf	1	1
full_arbiter_unreal1_pb_3_4_pe_.tlsf	1	1
full_arbiter_unreal1_pb_3_5_pe_.tlsf	1	1
full_arbiter_unreal1_pb_3_6_pe_.tlsf	1	1
full_arbiter_unreal1_pb_3_7_pe_.tlsf	1	1
full_arbiter_unreal1_pb_3_8_pe_.tlsf	1	1
full_arbiter_unreal1_pb_3_9_pe_.tlsf	1	1
full_arbiter_unreal1_pb_4_10_pe_.tlsf	1	1
full_arbiter_unreal1_pb_4_11_pe_.tlsf	1	1
full_arbiter_unreal1_pb_4_12_pe_.tlsf	1	1
full_arbiter_unreal1_pb_4_13_pe_.tlsf	1	1
full_arbiter_unreal1_pb_4_14_pe_.tlsf	1	1
full_arbiter_unreal1_pb_4_15_pe_.tlsf	1	1
full_arbiter_unreal1_pb_4_16_pe_.tlsf	1	1
full_arbiter_unreal1_pb_4_1_pe_.tlsf	1	1
full_arbiter_unreal1_pb_4_2_pe_.tlsf	1	1
full_arbiter_unreal1_pb_4_3_pe_.tlsf	1	1
full_arbiter_unreal1_pb_4_4_pe_.tlsf	1	1
full_arbiter_unreal1_pb_4_5_pe_.tlsf	1	1
full_arbiter_unreal1_pb_4_6_pe_.tlsf	1	1
full_arbiter_unreal1_pb_4_7_pe_.tlsf	1	1
full_arbiter_unreal1_pb_4_8_pe_.tlsf	1	1
full_arbiter_unreal1_pb_4_9_pe_.tlsf	1	1
full_arbiter_unreal1_pb_6_8_pe_.tlsf	1	1
full_arbiter_unreal2_pb_2_pe_.tlsf	1	1
full_arbiter_unreal2_pb_3_pe_.tlsf	1	1
full_arbiter_unreal2_pb_4_pe_.tlsf	1	1
full_arbiter_unreal2_pb_5_pe_.tlsf	1	1
full_arbiter_unreal2_pb_6_pe_.tlsf	1	1
full_arbiter_unreal2_pb_7_pe_.tlsf	1	1
full_arbiter_unreal2_pb_8_pe_.tlsf	1	1
g-real-real.tlsf	1	1
g-real0.tlsf	1	1
g-unreal-1-unreal.tlsf	0	0
g-unreal-10.tlsf	0	0
g-unreal-11.tlsf	0	0
g-unreal-110.tlsf	0	0
g-unreal-111.tlsf	0	0
g-unreal-112.tlsf	0	0
g-unreal-113.tlsf	0	0
g-unreal-114.tlsf	0	0
g-unreal-115.tlsf	0	0
g-unreal-116.tlsf	0	0
g-unreal-117.tlsf	0	0
g-unreal-118.tlsf	0	0
g-unreal-119.tlsf	0	0
g-unreal-12.tlsf	0	0
g-unreal-120.tlsf	0	0
g-unreal-13.tlsf	0	0
g-unreal-14.tlsf	0	0
g-unreal-15.tlsf	0	0
g-unreal-16.tlsf	0	0
g-unreal-17.tlsf	0	0
g-unreal-18.tlsf	0	0
g-unreal-19.tlsf	0	0
g-unreal-20.tlsf	1	1
g-unreal-21.tlsf	1	1
g-unreal-30.tlsf	1	1
g-unreal-31.tlsf	1	1
g-unreal-310.tlsf	1	1
g-unreal-311.tlsf	1	1
g-unreal-312.tlsf	1	1
g-unreal-313.tlsf	1	1
g-unreal-314.tlsf	1	1
g-unreal-32.tlsf	1	1
g-unreal-33.tlsf	1	1
g-unreal-34.tlsf	1	1
g-unreal-35.tlsf	1	1
g-unreal-36.tlsf	1	1
g-unreal-37.tlsf	1	1
g-unreal-38.tlsf	1	1
g-unreal-39.tlsf	1	1
generalized_buffer_pb_2_pe_.tlsf	1	1
generalized_buffer_pb_3_pe_.tlsf	1	1
generalized_buffer_pb_4_pe_.tlsf	1	1
generalized_buffer_pb_5_pe_.tlsf	1	1
generalized_buffer_pb_6_pe_.tlsf	1	1
gf-real-real.tlsf	1	1
gf-unreal0.tlsf	0	0
gf-unreal1.tlsf	0	0
gf-unreal10.tlsf	0	0
gf-unreal11.tlsf	0	0
gf-unreal12.tlsf	0	0
gf-unreal13.tlsf	0	0
gf-unreal14.tlsf	0	0
gf-unreal15.tlsf	0	0
gf-unreal16.tlsf	0	0
gf-unreal17.tlsf	0	0
gf-unreal18.tlsf	0	0
gf-unreal19.tlsf	0	0
gf-unreal2.tlsf	0	0
gf-unreal20.tlsf	0	0
gf-unreal21.tlsf	0	0
gf-unreal22.tlsf	0	0
gf-unreal23.tlsf	0	0
gf-unreal24.tlsf	0	0
gf-unreal25.tlsf	0	0
gf-unreal26.tlsf	0	0
gf-unreal27.tlsf	0	0
gf-unreal28.tlsf	0	0
gf-unreal29.tlsf	0	0
gf-unreal3.tlsf	0	0
gf-unreal30.tlsf	0	0
gf-unreal31.tlsf	0	0
gf-unreal32.tlsf	0	0
gf-unreal33.tlsf	0	0
gf-unreal34.tlsf	0	0
gf-unreal35.tlsf	0	0
gf-unreal36.tlsf	0	0
gf-unreal37.tlsf	0	0
gf-unreal38.tlsf	0	0
gf-unreal39.tlsf	0	0
gf-unreal4.tlsf	0	0
gf-unreal40.tlsf	0	0
gf-unreal41.tlsf	0	0
gf-unreal42.tlsf	0	0
gf-unreal43.tlsf	0	0
gf-unreal44.tlsf	0	0
gf-unreal45.tlsf	0	0
gf-unreal46.tlsf	0	0
gf-unreal47.tlsf	0	0
gf-unreal5.tlsf	0	0
gf-unreal6.tlsf	0	0
gf-unreal7.tlsf	0	0
gf-unreal8.tlsf	0	0
gf-unreal9.tlsf	0	0
heim-buechi-real.tlsf	1	1
heim-double-x-real.tlsf	1	1
heim-double-x0.tlsf	1	1
heim-double-x1.tlsf	1	1
heim-double-x10.tlsf	1	1
heim-double-x11.tlsf	1	1
heim-double-x12.tlsf	1	1
heim-double-x13.tlsf	1	1
heim-double-x2.tlsf	1	1
heim-double-x3.tlsf	1	1
heim-double-x4.tlsf	1	1
heim-double-x5.tlsf	1	1
heim-double-x6.tlsf	1	1
heim-double-x7.tlsf	1	1
heim-double-x8.tlsf	1	1
heim-double-x9.tlsf	1	1
heim-fig7-unreal.tlsf	1	1
helipad-contradict0.tlsf	1	1
helipad-contradict1.tlsf	1	1
helipad-real.tlsf	1	1
infinite-race-real.tlsf	1	1
infinite-race-u0.tlsf	1	1
infinite-race-u1.tlsf	1	1
infinite-race-u10.tlsf	1	1
infinite-race-u11.tlsf	1	1
infinite-race-u12.tlsf	1	1
infinite-race-u13.tlsf	1	1
infinite-race-u14.tlsf	1	1
infinite-race-u15.tlsf	1	1
infinite-race-u16.tlsf	1	1
infinite-race-u17.tlsf	1	1
infinite-race-u18.tlsf	1	1
infinite-race-u19.tlsf	1	1
infinite-race-u2.tlsf	1	1
infinite-race-u20.tlsf	1	1
infinite-race-u21.tlsf	1	1
infinite-race-u22.tlsf	1	1
infinite-race-u23.tlsf	1	1
infinite-race-u24.tlsf	1	1
infinite-race-u25.tlsf	1	1
infinite-race-u3.tlsf	1	1
infinite-race-u4.tlsf	1	1
infinite-race-u5.tlsf	1	1
infinite-race-u6.tlsf	1	1
infinite-race-u7.tlsf	1	1
infinite-race-u8.tlsf	1	1
infinite-race-u9.tlsf	1	1
infinite-race-unequal-1-real.tlsf	1	1
infinite-race-unequal-10.tlsf	1	1
infinite-race-unequal-20.tlsf	1	1
infinite-race-unequal-21.tlsf	1	1
infinite-race-unequal-22.tlsf	1	1
infinite-race-unequal-23.tlsf	1	1
infinite-race-unequal-24.tlsf	1	1
infinite-race-unequal-25.tlsf	1	1
infinite-race-unequal-26.tlsf	1	1
items_processing-real.tlsf	1	1
jarvis_gideon_a02758ea.tlsf	1	1
jarvis_philippe_484face8.tlsf	1	1
lazy_shades_problem_d6376bf9.tlsf	1	1
lift_gr1+_pb_2_pe_.tlsf	1	1
lift_gr1+_pb_3_pe_.tlsf	1	1
lift_gr1+_pb_6_pe_.tlsf	1	1
lift_gr1+_pb_7_pe_.tlsf	1	1
lift_gr1+_pb_8_pe_.tlsf	1	1
lift_gr1+_pb_9_pe_.tlsf	1	1
lift_gr1_pb_10_pe_.tlsf	1	1
lift_gr1_pb_2_pe_.tlsf	1	1
lift_gr1_pb_3_pe_.tlsf	1	1
lift_gr1_pb_7_pe_.tlsf	1	1
lift_gr1_pb_8_pe_.tlsf	1	1
lift_gr1_pb_9_pe_.tlsf	1	1
lift_pb_10_pe_.tlsf	1	1
lift_pb_2_pe_.tlsf	1	1
lift_pb_3_pe_.tlsf	1	1
lift_pb_4_pe_.tlsf	1	1
lift_pb_5_pe_.tlsf	1	1
lift_pb_6_pe_.tlsf	1	1
lift_pb_7_pe_.tlsf	1	1
lift_pb_8_pe_.tlsf	1	1
lift_pb_9_pe_.tlsf	1	1
lift_unary_enc_pb_10_pe_.tlsf	1	1
lift_unary_enc_pb_2_pe_.tlsf	1	1
lift_unary_enc_pb_3_pe_.tlsf	1	1
lift_unary_enc_pb_4_pe_.tlsf	1	1
lift_unary_enc_pb_5_pe_.tlsf	1	1
lift_unary_enc_pb_6_pe_.tlsf	1	1
lift_unary_enc_pb_7_pe_.tlsf	1	1
lift_unary_enc_pb_8_pe_.tlsf	1	1
lift_unary_enc_pb_9_pe_.tlsf	1	1
lift_wrong_physics_unreal_pb_10_pe_.tlsf	1	1
lift_wrong_physics_unreal_pb_2_pe_.tlsf	1	1
lift_wrong_physics_unreal_pb_3_pe_.tlsf	1	1
lift_wrong_physics_unreal_pb_4_pe_.tlsf	1	1
lift_wrong_physics_unreal_pb_5_pe_.tlsf	1	1
lift_wrong_physics_unreal_pb_6_pe_.tlsf	1	1
lift_wrong_physics_unreal_pb_7_pe_.tlsf	1	1
lift_wrong_physics_unreal_pb_8_pe_.tlsf	1	1
lift_wrong_physics_unreal_pb_9_pe_.tlsf	1	1
lilydemo01.tlsf	1	1
lilydemo02.tlsf	1	1
lilydemo03.tlsf	1	1
lilydemo04.tlsf	1	1
lilydemo04_modified.tlsf	1	1
lilydemo05.tlsf	1	1
lilydemo06.tlsf	1	1
lilydemo07.tlsf	1	1
lilydemo08.tlsf	0	0
lilydemo09.tlsf	1	1
lilydemo10.tlsf	1	1
lilydemo11.tlsf	1	1
lilydemo12.tlsf	1	1
lilydemo13.tlsf	1	1
lilydemo14.tlsf	1	1
lilydemo15.tlsf	1	1
lilydemo16.tlsf	1	1
lilydemo17.tlsf	1	1
lilydemo18.tlsf	1	1
lilydemo19.tlsf	1	1
lilydemo20.tlsf	1	1
lilydemo21.tlsf	0	0
lilydemo22.tlsf	1	1
lilydemo23.tlsf	1	1
load_balancer_pb_10_pe_.tlsf	1	1
load_balancer_pb_11_pe_.tlsf	1	1
load_balancer_pb_12_pe_.tlsf	1	1
load_balancer_pb_2_pe_.tlsf	1	1
load_balancer_pb_3_pe_.tlsf	1	1
load_balancer_pb_4_pe_.tlsf	1	1
load_balancer_pb_5_pe_.tlsf	1	1
load_balancer_pb_6_pe_.tlsf	1	1
load_balancer_pb_7_pe_.tlsf	1	1
load_balancer_pb_8_pe_.tlsf	1	1
load_balancer_pb_9_pe_.tlsf	1	1
load_balancer_unreal1_pb_2_10_pe_.tlsf	1	1
load_balancer_unreal1_pb_2_11_pe_.tlsf	1	1
load_balancer_unreal1_pb_2_12_pe_.tlsf	1	1
load_balancer_unreal1_pb_2_13_pe_.tlsf	1	1
load_balancer_unreal1_pb_2_14_pe_.tlsf	1	1
load_balancer_unreal1_pb_2_15_pe_.tlsf	1	1
load_balancer_unreal1_pb_2_16_pe_.tlsf	1	1
load_balancer_unreal1_pb_2_1_pe_.tlsf	1	1
load_balancer_unreal1_pb_2_2_pe_.tlsf	1	1
load_balancer_unreal1_pb_2_3_pe_.tlsf	1	1
load_balancer_unreal1_pb_2_4_pe_.tlsf	1	1
load_balancer_unreal1_pb_2_5_pe_.tlsf	1	1
load_balancer_unreal1_pb_2_6_pe_.tlsf	1	1
load_balancer_unreal1_pb_2_7_pe_.tlsf	1	1
load_balancer_unreal1_pb_2_8_pe_.tlsf	1	1
load_balancer_unreal1_pb_2_9_pe_.tlsf	1	1
load_balancer_unreal1_pb_3_10_pe_.tlsf	1	1
load_balancer_unreal1_pb_3_11_pe_.tlsf	1	1
load_balancer_unreal1_pb_3_12_pe_.tlsf	1	1
load_balancer_unreal1_pb_3_1_pe_.tlsf	1	1
load_balancer_unreal1_pb_3_2_pe_.tlsf	1	1
load_balancer_unreal1_pb_3_3_pe_.tlsf	1	1
load_balancer_unreal1_pb_3_4_pe_.tlsf	1	1
load_balancer_unreal1_pb_3_5_pe_.tlsf	1	1
load_balancer_unreal1_pb_3_6_pe_.tlsf	1	1
load_balancer_unreal1_pb_3_7_pe_.tlsf	1	1
load_balancer_unreal1_pb_3_8_pe_.tlsf	1	1
load_balancer_unreal1_pb_3_9_pe_.tlsf	1	1
load_balancer_unreal1_pb_4_10_pe_.tlsf	1	1
load_balancer_unreal1_pb_4_11_pe_.tlsf	1	1
load_balancer_unreal1_pb_4_12_pe_.tlsf	1	1
load_balancer_unreal1_pb_4_1_pe_.tlsf	1	1
load_balancer_unreal1_pb_4_2_pe_.tlsf	1	1
load_balancer_unreal1_pb_4_3_pe_.tlsf	1	1
load_balancer_unreal1_pb_4_4_pe_.tlsf	1	1
load_balancer_unreal1_pb_4_5_pe_.tlsf	1	1
load_balancer_unreal1_pb_4_6_pe_.tlsf	1	1
load_balancer_unreal1_pb_4_7_pe_.tlsf	1	1
load_balancer_unreal1_pb_4_8_pe_.tlsf	1	1
load_balancer_unreal1_pb_4_9_pe_.tlsf	1	1
load_balancer_unreal1_pb_5_2_pe_.tlsf	1	1
load_balancer_unreal1_pb_5_3_pe_.tlsf	1	1
load_balancer_unreal1_pb_5_4_pe_.tlsf	1	1
load_balancer_unreal1_pb_5_5_pe_.tlsf	1	1
load_balancer_unreal1_pb_5_6_pe_.tlsf	1	1
load_balancer_unreal1_pb_5_7_pe_.tlsf	1	1
load_balancer_unreal1_pb_6_1_pe_.tlsf	1	1
load_balancer_unreal1_pb_6_2_pe_.tlsf	1	1
load_balancer_unreal1_pb_6_3_pe_.tlsf	1	1
load_balancer_unreal1_pb_6_4_pe_.tlsf	1	1
load_balancer_unreal1_pb_6_5_pe_.tlsf	1	1
load_balancer_unreal2_pb_2_pe_.tlsf	1	1
load_balancer_unreal2_pb_3_pe_.tlsf	1	1
load_balancer_unreal2_pb_4_pe_.tlsf	1	1
load_balancer_unreal2_pb_5_pe_.tlsf	1	1
load_balancer_unreal2_pb_6_pe_.tlsf	1	1
load_balancer_unreal2_pb_7_pe_.tlsf	1	1
load_balancer_unreal2_pb_8_pe_.tlsf	1	1
ltl2dba01.tlsf	1	1
ltl2dba02.tlsf	1	1
ltl2dba03.tlsf	1	1
ltl2dba04.tlsf	1	1
ltl2dba05.tlsf	1	1
ltl2dba06.tlsf	1	1
ltl2dba07.tlsf	1	1
ltl2dba08.tlsf	1	1
ltl2dba09.tlsf	1	1
ltl2dba10.tlsf	1	1
ltl2dba11.tlsf	1	1
ltl2dba12.tlsf	1	1
ltl2dba13.tlsf	1	1
ltl2dba14.tlsf	1	1
ltl2dba15.tlsf	1	1
ltl2dba16.tlsf	1	1
ltl2dba17.tlsf	1	1
ltl2dba18.tlsf	1	1
ltl2dba19.tlsf	1	1
ltl2dba20.tlsf	1	1
ltl2dba21.tlsf	1	1
ltl2dba22.tlsf	0	0
ltl2dba23.tlsf	1	1
ltl2dba25.tlsf	1	1
ltl2dba26.tlsf	1	1
ltl2dba27.tlsf	1	1
ltl2dba_C2_pb_100_pe_.tlsf	1	1
ltl2dba_C2_pb_10_pe_.tlsf	1	1
ltl2dba_C2_pb_12_pe_.tlsf	1	1
ltl2dba_C2_pb_14_pe_.tlsf	1	1
ltl2dba_C2_pb_16_pe_.tlsf	1	1
ltl2dba_C2_pb_1_pe_.tlsf	1	1
ltl2dba_C2_pb_25_pe_.tlsf	1	1
ltl2dba_C2_pb_2_pe_.tlsf	1	1
ltl2dba_C2_pb_3_pe_.tlsf	1	1
ltl2dba_C2_pb_4_pe_.tlsf	1	1
ltl2dba_C2_pb_50_pe_.tlsf	1	1
ltl2dba_C2_pb_5_pe_.tlsf	1	1
ltl2dba_C2_pb_60_pe_.tlsf	1	1
ltl2dba_C2_pb_6_pe_.tlsf	1	1
ltl2dba_C2_pb_70_pe_.tlsf	1	1
ltl2dba_C2_pb_7_pe_.tlsf	1	1
ltl2dba_C2_pb_80_pe_.tlsf	1	1
ltl2dba_C2_pb_8_pe_.tlsf	1	1
ltl2dba_C2_pb_9_pe_.tlsf	1	1
ltl2dba_C2_unreal_pb_100_pe_.tlsf	1	1
ltl2dba_C2_unreal_pb_10_pe_.tlsf	1	1
ltl2dba_C2_unreal_pb_11_pe_.tlsf	1	1
ltl2dba_C2_unreal_pb_12_pe_.tlsf	1	1
ltl2dba_C2_unreal_pb_13_pe_.tlsf	1	1
ltl2dba_C2_unreal_pb_14_pe_.tlsf	1	1
ltl2dba_C2_unreal_pb_15_pe_.tlsf	1	1
ltl2dba_C2_unreal_pb_16_pe_.tlsf	1	1
ltl2dba_C2_unreal_pb_25_pe_.tlsf	1	1
ltl2dba_C2_unreal_pb_2_pe_.tlsf	1	1
ltl2dba_C2_unreal_pb_3_pe_.tlsf	1	1
ltl2dba_C2_unreal_pb_4_pe_.tlsf	1	1
ltl2dba_C2_unreal_pb_50_pe_.tlsf	1	1
ltl2dba_C2_unreal_pb_5_pe_.tlsf	1	1
ltl2dba_C2_unreal_pb_60_pe_.tlsf	1	1
ltl2dba_C2_unreal_pb_6_pe_.tlsf	1	1
ltl2dba_C2_unreal_pb_70_pe_.tlsf	1	1
ltl2dba_C2_unreal_pb_7_pe_.tlsf	1	1
ltl2dba_C2_unreal_pb_80_pe_.tlsf	1	1
ltl2dba_C2_unreal_pb_8_pe_.tlsf	1	1
ltl2dba_C2_unreal_pb_9_pe_.tlsf	1	1
ltl2dba_E_pb_10_pe_.tlsf	1	1
ltl2dba_E_pb_12_pe_.tlsf	1	1
ltl2dba_E_pb_14_pe_.tlsf	1	1
ltl2dba_E_pb_15_pe_.tlsf	1	1
ltl2dba_E_pb_16_pe_.tlsf	1	1
ltl2dba_E_pb_1_pe_.tlsf	1	1
ltl2dba_E_pb_2_pe_.tlsf	1	1
ltl2dba_E_pb_3_pe_.tlsf	1	1
ltl2dba_E_pb_4_pe_.tlsf	1	1
ltl2dba_E_pb_5_pe_.tlsf	1	1
ltl2dba_E_pb_6_pe_.tlsf	1	1
ltl2dba_E_pb_7_pe_.tlsf	1	1
ltl2dba_E_pb_8_pe_.tlsf	1	1
ltl2dba_E_pb_9_pe_.tlsf	1	1
ltl2dba_Q_pb_100_pe_.tlsf	1	1
ltl2dba_Q_pb_10_pe_.tlsf	1	1
ltl2dba_Q_pb_12_pe_.tlsf	1	1
ltl2dba_Q_pb_15_pe_.tlsf	1	1
ltl2dba_Q_pb_18_pe_.tlsf	1	1
ltl2dba_Q_pb_1_pe_.tlsf	1	1
ltl2dba_Q_pb_25_pe_.tlsf	1	1
ltl2dba_Q_pb_2_pe_.tlsf	1	1
ltl2dba_Q_pb_3_pe_.tlsf	1	1
ltl2dba_Q_pb_4_pe_.tlsf	1	1
ltl2dba_Q_pb_50_pe_.tlsf	1	1
ltl2dba_Q_pb_5_pe_.tlsf	1	1
ltl2dba_Q_pb_6_pe_.tlsf	1	1
ltl2dba_Q_pb_7_pe_.tlsf	1	1
ltl2dba_Q_pb_8_pe_.tlsf	1	1
ltl2dba_R_pb_10_pe_.tlsf	1	1
ltl2dba_R_pb_11_pe_.tlsf	1	1
ltl2dba_R_pb_12_pe_.tlsf	1	1
ltl2dba_R_pb_14_pe_.tlsf	1	1
ltl2dba_R_pb_16_pe_.tlsf	1	1
ltl2dba_R_pb_1_pe_.tlsf	1	1
ltl2dba_R_pb_2_pe_.tlsf	1	1
ltl2dba_R_pb_3_pe_.tlsf	1	1
ltl2dba_R_pb_4_pe_.tlsf	1	1
ltl2dba_R_pb_5_pe_.tlsf	1	1
ltl2dba_R_pb_6_pe_.tlsf	1	1
ltl2dba_R_pb_7_pe_.tlsf	1	1
ltl2dba_R_pb_8_pe_.tlsf	1	1
ltl2dba_U1_pb_100_pe_.tlsf	1	1
ltl2dba_U1_pb_10_pe_.tlsf	1	1
ltl2dba_U1_pb_12_pe_.tlsf	1	1
ltl2dba_U1_pb_15_pe_.tlsf	1	1
ltl2dba_U1_pb_18_pe_.tlsf	1	1
ltl2dba_U1_pb_1_pe_.tlsf	1	1
ltl2dba_U1_pb_25_pe_.tlsf	1	1
ltl2dba_U1_pb_2_pe_.tlsf	1	1
ltl2dba_U1_pb_3_pe_.tlsf	1	1
ltl2dba_U1_pb_4_pe_.tlsf	1	1
ltl2dba_U1_pb_50_pe_.tlsf	1	1
ltl2dba_U1_pb_5_pe_.tlsf	1	1
ltl2dba_U1_pb_6_pe_.tlsf	1	1
ltl2dba_U1_pb_7_pe_.tlsf	1	1
ltl2dba_U1_pb_8_pe_.tlsf	1	1
ltl2dba_U1_pb_9_pe_.tlsf	1	1
ltl2dba_alpha_pb_100_pe_.tlsf	1	1
ltl2dba_alpha_pb_10_pe_.tlsf	1	1
ltl2dba_alpha_pb_12_pe_.tlsf	1	1
ltl2dba_alpha_pb_14_pe_.tlsf	1	1
ltl2dba_alpha_pb_16_pe_.tlsf	1	1
ltl2dba_alpha_pb_17_pe_.tlsf	1	1
ltl2dba_alpha_pb_18_pe_.tlsf	1	1
ltl2dba_alpha_pb_1_pe_.tlsf	1	1
ltl2dba_alpha_pb_20_pe_.tlsf	1	1
ltl2dba_alpha_pb_25_pe_.tlsf	1	1
ltl2dba_alpha_pb_2_pe_.tlsf	1	1
ltl2dba_alpha_pb_3_pe_.tlsf	1	1
ltl2dba_alpha_pb_4_pe_.tlsf	1	1
ltl2dba_alpha_pb_50_pe_.tlsf	1	1
ltl2dba_alpha_pb_5_pe_.tlsf	1	1
ltl2dba_alpha_pb_6_pe_.tlsf	1	1
ltl2dba_alpha_pb_7_pe_.tlsf	1	1
ltl2dba_alpha_pb_8_pe_.tlsf	1	1
ltl2dba_beta_pb_100_pe_.tlsf	1	1
ltl2dba_beta_pb_10_pe_.tlsf	1	1
ltl2dba_beta_pb_15_pe_.tlsf	1	1
ltl2dba_beta_pb_18_pe_.tlsf	1	1
ltl2dba_beta_pb_1_pe_.tlsf	1	1
ltl2dba_beta_pb_20_pe_.tlsf	1	1
ltl2dba_beta_pb_25_pe_.tlsf	1	1
ltl2dba_beta_pb_2_pe_.tlsf	1	1
ltl2dba_beta_pb_30_pe_.tlsf	1	1
ltl2dba_beta_pb_3_pe_.tlsf	1	1
ltl2dba_beta_pb_4_pe_.tlsf	1	1
ltl2dba_beta_pb_5_pe_.tlsf	1	1
ltl2dba_beta_pb_6_pe_.tlsf	1	1
ltl2dba_beta_pb_7_pe_.tlsf	1	1
ltl2dba_beta_pb_8_pe_.tlsf	1	1
ltl2dba_theta_pb_100_pe_.tlsf	1	1
ltl2dba_theta_pb_10_pe_.tlsf	1	1
ltl2dba_theta_pb_12_pe_.tlsf	1	1
ltl2dba_theta_pb_14_pe_.tlsf	1	1
ltl2dba_theta_pb_16_pe_.tlsf	1	1
ltl2dba_theta_pb_1_pe_.tlsf	1	1
ltl2dba_theta_pb_25_pe_.tlsf	1	1
ltl2dba_theta_pb_2_pe_.tlsf	1	1
ltl2dba_theta_pb_300_pe_.tlsf	1	1
ltl2dba_theta_pb_3_pe_.tlsf	1	1
ltl2dba_theta_pb_4_pe_.tlsf	1	1
ltl2dba_theta_pb_500_pe_.tlsf	1	1
ltl2dba_theta_pb_50_pe_.tlsf	1	1
ltl2dba_theta_pb_5_pe_.tlsf	1	1
ltl2dba_theta_pb_6_pe_.tlsf	1	1
ltl2dba_theta_pb_7_pe_.tlsf	1	1
ltl2dba_theta_pb_8_pe_.tlsf	1	1
ltl2dpa01.tlsf	1	1
ltl2dpa02.tlsf	1	1
ltl2dpa03.tlsf	1	1
ltl2dpa04.tlsf	1	1
ltl2dpa05.tlsf	1	1
ltl2dpa06.tlsf	1	1
ltl2dpa07.tlsf	1	1
ltl2dpa08.tlsf	1	1
ltl2dpa09.tlsf	1	1
ltl2dpa10.tlsf	1	1
ltl2dpa11.tlsf	1	1
ltl2dpa12.tlsf	1	1
ltl2dpa13.tlsf	1	1
ltl2dpa14.tlsf	1	1
ltl2dpa15.tlsf	1	1
ltl2dpa16.tlsf	1	1
ltl2dpa17.tlsf	1	1
ltl2dpa18.tlsf	1	1
ltl2dpa19.tlsf	1	1
ltl2dpa20.tlsf	1	1
ltl2dpa22.tlsf	1	1
ltl2dpa23.tlsf	1	1
ltl2dpa24.tlsf	1	1
mux_pb_100_pe_.tlsf	0	0
mux_pb_10_pe_.tlsf	0	0
mux_pb_125_pe_.tlsf	0	0
mux_pb_12_pe_.tlsf	0	0
mux_pb_132_pe_.tlsf	0	0
mux_pb_150_pe_.tlsf	0	0
mux_pb_16_pe_.tlsf	0	0
mux_pb_175_pe_.tlsf	0	0
mux_pb_200_pe_.tlsf	0	0
mux_pb_32_pe_.tlsf	0	0
mux_pb_64_pe_.tlsf	0	0
mux_pb_8_pe_.tlsf	0	0
narylatch_pb_10_pe_.tlsf	1	1
narylatch_pb_11_pe_.tlsf	1	1
narylatch_pb_12_pe_.tlsf	1	1
narylatch_pb_16_pe_.tlsf	1	1
narylatch_pb_32_pe_.tlsf	1	1
narylatch_pb_64_pe_.tlsf	1	1
narylatch_pb_8_pe_.tlsf	0	0
ordered-visits-choice-real.tlsf	1	1
ordered-visits-real.tlsf	1	1
package-delivery-real.tlsf	1	1
patrolling-alarm0.tlsf	1	1
patrolling-alarm1.tlsf	1	1
patrolling-alarm10.tlsf	1	1
patrolling-alarm11.tlsf	1	1
patrolling-alarm12.tlsf	1	1
patrolling-alarm13.tlsf	1	1
patrolling-alarm14.tlsf	1	1
patrolling-alarm15.tlsf	1	1
patrolling-alarm16.tlsf	1	1
patrolling-alarm17.tlsf	1	1
patrolling-alarm18.tlsf	1	1
patrolling-alarm19.tlsf	1	1
patrolling-alarm2.tlsf	1	1
patrolling-alarm20.tlsf	1	1
patrolling-alarm21.tlsf	1	1
patrolling-alarm22.tlsf	1	1
patrolling-alarm23.tlsf	1	1
patrolling-alarm24.tlsf	1	1
patrolling-alarm25.tlsf	1	1
patrolling-alarm26.tlsf	1	1
patrolling-alarm3.tlsf	1	1
patrolling-alarm4.tlsf	1	1
patrolling-alarm5.tlsf	1	1
patrolling-alarm6.tlsf	1	1
patrolling-alarm7.tlsf	1	1
patrolling-alarm8.tlsf	1	1
patrolling-alarm9.tlsf	1	1
patrolling0.tlsf	1	1
patrolling1.tlsf	1	1
patrolling10.tlsf	1	1
patrolling11.tlsf	1	1
patrolling12.tlsf	1	1
patrolling13.tlsf	1	1
patrolling14.tlsf	1	1
patrolling15.tlsf	1	1
patrolling16.tlsf	1	1
patrolling17.tlsf	1	1
patrolling18.tlsf	1	1
patrolling19.tlsf	1	1
patrolling2.tlsf	1	1
patrolling20.tlsf	1	1
patrolling21.tlsf	1	1
patrolling22.tlsf	1	1
patrolling23.tlsf	1	1
patrolling24.tlsf	1	1
patrolling25.tlsf	1	1
patrolling3.tlsf	1	1
patrolling4.tlsf	1	1
patrolling5.tlsf	1	1
patrolling6.tlsf	1	1
patrolling7.tlsf	1	1
patrolling8.tlsf	1	1
patrolling9.tlsf	1	1
precise-reachability-real.tlsf	1	1
precise-reachability0.tlsf	1	1
prioritized_arbiter_enc_pb_10_pe_.tlsf	1	1
prioritized_arbiter_enc_pb_12_pe_.tlsf	1	1
prioritized_arbiter_enc_pb_13_pe_.tlsf	1	1
prioritized_arbiter_enc_pb_14_pe_.tlsf	1	1
prioritized_arbiter_enc_pb_15_pe_.tlsf	1	1
prioritized_arbiter_enc_pb_8_pe_.tlsf	1	1
prioritized_arbiter_pb_10_pe_.tlsf	1	1
prioritized_arbiter_pb_12_pe_.tlsf	1	1
prioritized_arbiter_pb_1_pe_.tlsf	1	1
prioritized_arbiter_pb_2_pe_.tlsf	1	1
prioritized_arbiter_pb_3_pe_.tlsf	1	1
prioritized_arbiter_pb_4_pe_.tlsf	1	1
prioritized_arbiter_pb_5_pe_.tlsf	1	1
prioritized_arbiter_pb_6_pe_.tlsf	1	1
prioritized_arbiter_pb_7_pe_.tlsf	1	1
prioritized_arbiter_pb_8_pe_.tlsf	1	1
prioritized_arbiter_pb_9_pe_.tlsf	1	1
prioritized_arbiter_unreal1_pb_2_10_pe_.tlsf	1	1
prioritized_arbiter_unreal1_pb_2_11_pe_.tlsf	1	1
prioritized_arbiter_unreal1_pb_2_12_pe_.tlsf	1	1
prioritized_arbiter_unreal1_pb_2_13_pe_.tlsf	1	1
prioritized_arbiter_unreal1_pb_2_14_pe_.tlsf	1	1
prioritized_arbiter_unreal1_pb_2_15_pe_.tlsf	1	1
prioritized_arbiter_unreal1_pb_2_16_pe_.tlsf	1	1
prioritized_arbiter_unreal1_pb_2_1_pe_.tlsf	1	1
prioritized_arbiter_unreal1_pb_2_2_pe_.tlsf	1	1
prioritized_arbiter_unreal1_pb_2_3_pe_.tlsf	1	1
prioritized_arbiter_unreal1_pb_2_4_pe_.tlsf	1	1
prioritized_arbiter_unreal1_pb_2_5_pe_.tlsf	1	1
prioritized_arbiter_unreal1_pb_2_6_pe_.tlsf	1	1
prioritized_arbiter_unreal1_pb_2_7_pe_.tlsf	1	1
prioritized_arbiter_unreal1_pb_2_8_pe_.tlsf	1	1
prioritized_arbiter_unreal1_pb_2_9_pe_.tlsf	1	1
prioritized_arbiter_unreal1_pb_3_10_pe_.tlsf	1	1
prioritized_arbiter_unreal1_pb_3_11_pe_.tlsf	1	1
prioritized_arbiter_unreal1_pb_3_12_pe_.tlsf	1	1
prioritized_arbiter_unreal1_pb_3_13_pe_.tlsf	1	1
prioritized_arbiter_unreal1_pb_3_14_pe_.tlsf	1	1
prioritized_arbiter_unreal1_pb_3_15_pe_.tlsf	1	1
prioritized_arbiter_unreal1_pb_3_16_pe_.tlsf	1	1
prioritized_arbiter_unreal1_pb_3_1_pe_.tlsf	1	1
prioritized_arbiter_unreal1_pb_3_2_pe_.tlsf	1	1
prioritized_arbiter_unreal1_pb_3_3_pe_.tlsf	1	1
prioritized_arbiter_unreal1_pb_3_4_pe_.tlsf	1	1
prioritized_arbiter_unreal1_pb_3_5_pe_.tlsf	1	1
prioritized_arbiter_unreal1_pb_3_6_pe_.tlsf	1	1
prioritized_arbiter_unreal1_pb_3_7_pe_.tlsf	1	1
prioritized_arbiter_unreal1_pb_3_8_pe_.tlsf	1	1
prioritized_arbiter_unreal1_pb_3_9_pe_.tlsf	1	1
prioritized_arbiter_unreal1_pb_4_10_pe_.tlsf	1	1
prioritized_arbiter_unreal1_pb_4_11_pe_.tlsf	1	1
prioritized_arbiter_unreal1_pb_4_12_pe_.tlsf	1	1
prioritized_arbiter_unreal1_pb_4_13_pe_.tlsf	1	1
prioritized_arbiter_unreal1_pb_4_14_pe_.tlsf	1	1
prioritized_arbiter_unreal1_pb_4_15_pe_.tlsf	1	1
prioritized_arbiter_unreal1_pb_4_16_pe_.tlsf	1	1
prioritized_arbiter_unreal1_pb_4_1_pe_.tlsf	1	1
prioritized_arbiter_unreal1_pb_4_2_pe_.tlsf	1	1
prioritized_arbiter_unreal1_pb_4_3_pe_.tlsf	1	1
prioritized_arbiter_unreal1_pb_4_4_pe_.tlsf	1	1
prioritized_arbiter_unreal1_pb_4_5_pe_.tlsf	1	1
prioritized_arbiter_unreal1_pb_4_6_pe_.tlsf	1	1
prioritized_arbiter_unreal1_pb_4_7_pe_.tlsf	1	1
prioritized_arbiter_unreal1_pb_4_8_pe_.tlsf	1	1
prioritized_arbiter_unreal1_pb_4_9_pe_.tlsf	1	1
prioritized_arbiter_unreal1_pb_5_16_pe_.tlsf	1	1
prioritized_arbiter_unreal1_pb_5_2_pe_.tlsf	1	1
prioritized_arbiter_unreal1_pb_5_32_pe_.tlsf	1	1
prioritized_arbiter_unreal1_pb_5_4_pe_.tlsf	1	1
prioritized_arbiter_unreal1_pb_6_16_pe_.tlsf	1	1
prioritized_arbiter_unreal1_pb_6_2_pe_.tlsf	1	1
prioritized_arbiter_unreal1_pb_6_32_pe_.tlsf	1	1
prioritized_arbiter_unreal1_pb_6_4_pe_.tlsf	1	1
prioritized_arbiter_unreal2_pb_100_pe_.tlsf	1	1
prioritized_arbiter_unreal2_pb_10_pe_.tlsf	1	1
prioritized_arbiter_unreal2_pb_2_pe_.tlsf	1	1
prioritized_arbiter_unreal2_pb_30_pe_.tlsf	1	1
prioritized_arbiter_unreal2_pb_3_pe_.tlsf	1	1
prioritized_arbiter_unreal2_pb_4_pe_.tlsf	1	1
prioritized_arbiter_unreal2_pb_5_pe_.tlsf	1	1
prioritized_arbiter_unreal2_pb_60_pe_.tlsf	1	1
prioritized_arbiter_unreal2_pb_6_pe_.tlsf	1	1
prioritized_arbiter_unreal2_pb_7_pe_.tlsf	1	1
prioritized_arbiter_unreal2_pb_8_pe_.tlsf	1	1
reversible-lane-r-real.tlsf	1	1
reversible-lane-u-unreal.tlsf	1	1
reversible-lane-u0.tlsf	1	1
reversible-lane-u1.tlsf	1	1
robot-cat-real-1d-real.tlsf	1	1
robot-cat-real-2d-real.tlsf	1	1
robot-cat-unreal-1d-unreal.tlsf	1	1
robot-cat-unreal-2d-unreal.tlsf	1	1
robot-grid-commute-1d-real.tlsf	1	1
robot-grid-commute-2d-real.tlsf	1	1
robot-grid-reach-1d-real.tlsf	1	1
robot-grid-reach-2d-real.tlsf	1	1
robot-grid-reach-repeated-with-obstacles-1d-real.tlsf	1	1
robot-grid-reach-repeated-with-obstacles-2d-real.tlsf	1	1
robot-grid-reach-repeated-with-obstacles-6d-real.tlsf	1	1
robot-resource-1d-unreal.tlsf	1	1
robot-resource-1d0.tlsf	1	1
robot-resource-1d1.tlsf	1	1
robot-resource-2d0.tlsf	1	1
robot-resource-2d1.tlsf	1	1
robot-resource-2d10.tlsf	1	1
robot-resource-2d11.tlsf	1	1
robot-resource-2d12.tlsf	1	1
robot-resource-2d13.tlsf	1	1
robot-resource-2d14.tlsf	1	1
robot-resource-2d15.tlsf	1	1
robot-resource-2d16.tlsf	1	1
robot-resource-2d17.tlsf	1	1
robot-resource-2d18.tlsf	1	1
robot-resource-2d19.tlsf	1	1
robot-resource-2d2.tlsf	1	1
robot-resource-2d20.tlsf	1	1
robot-resource-2d21.tlsf	1	1
robot-resource-2d22.tlsf	1	1
robot-resource-2d23.tlsf	1	1
robot-resource-2d3.tlsf	1	1
robot-resource-2d4.tlsf	1	1
robot-resource-2d5.tlsf	1	1
robot-resource-2d6.tlsf	1	1
robot-resource-2d7.tlsf	1	1
robot-resource-2d8.tlsf	1	1
robot-resource-2d9.tlsf	1	1
robot-tasks-real.tlsf	0	0
robot-to-target-charging-real.tlsf	1	1
robot-to-target-charging-unreal0.tlsf	1	1
robot-to-target-charging-unreal1.tlsf	1	1
robot-to-target-charging-unreal2.tlsf	1	1
robot-to-target-charging-unreal3.tlsf	1	1
robot-to-target-charging-unreal4.tlsf	1	1
robot-to-target-charging-unreal5.tlsf	1	1
robot-to-target-charging-unreal6.tlsf	1	1
robot-to-target-charging-unreal7.tlsf	1	1
robot-to-target-charging-unreal8.tlsf	1	1
robot-to-target-charging0.tlsf	1	1
robot-to-target-charging1.tlsf	1	1
robot-to-target-charging10.tlsf	1	1
robot-to-target-charging11.tlsf	1	1
robot-to-target-charging12.tlsf	1	1
robot-to-target-charging13.tlsf	1	1
robot-to-target-charging14.tlsf	1	1
robot-to-target-charging15.tlsf	1	1
robot-to-target-charging16.tlsf	1	1
robot-to-target-charging17.tlsf	1	1
robot-to-target-charging18.tlsf	1	1
robot-to-target-charging19.tlsf	1	1
robot-to-target-charging2.tlsf	1	1
robot-to-target-charging20.tlsf	1	1
robot-to-target-charging21.tlsf	1	1
robot-to-target-charging22.tlsf	1	1
robot-to-target-charging23.tlsf	1	1
robot-to-target-charging24.tlsf	1	1
robot-to-target-charging25.tlsf	1	1
robot-to-target-charging3.tlsf	1	1
robot-to-target-charging4.tlsf	1	1
robot-to-target-charging5.tlsf	1	1
robot-to-target-charging6.tlsf	1	1
robot-to-target-charging7.tlsf	1	1
robot-to-target-charging8.tlsf	1	1
robot-to-target-charging9.tlsf	1	1
robot-to-target-unreal0.tlsf	1	1
robot-to-target0.tlsf	1	1
robot_analyze_samples_v1-real.tlsf	1	1
robot_collect_samples_v1-real.tlsf	1	1
robot_collect_samples_v2-real.tlsf	1	1
robot_collect_samples_v3-real.tlsf	1	1
robot_collect_samples_v4-real.tlsf	1	1
robot_deliver_products_1-real.tlsf	1	1
robot_deliver_products_20.tlsf	1	1
robot_deliver_products_30.tlsf	1	1
robot_deliver_products_40.tlsf	1	1
robot_deliver_products_50.tlsf	1	1
robot_grid_pb_2_2_pe_.tlsf	1	1
robot_grid_pb_3_3_pe_.tlsf	1	1
robot_grid_pb_4_4_pe_.tlsf	1	1
robot_grid_pb_5_1_pe_.tlsf	1	1
robot_grid_pb_5_5_pe_.tlsf	1	1
robot_grid_pb_6_1_pe_.tlsf	1	1
robot_grid_pb_6_6_pe_.tlsf	1	1
robot_grid_pb_7_7_pe_.tlsf	1	1
robot_grid_pb_8_8_pe_.tlsf	1	1
robot_repair0.tlsf	1	1
robot_repair1.tlsf	1	1
robot_repair2.tlsf	1	1
robot_repair3.tlsf	1	1
robot_repair4.tlsf	1	1
robot_repair5.tlsf	1	1
robot_running-real.tlsf	1	1
round_robin_arbiter_pb_10_pe_.tlsf	1	1
round_robin_arbiter_pb_12_pe_.tlsf	1	1
round_robin_arbiter_pb_15_pe_.tlsf	1	1
round_robin_arbiter_pb_2_pe_.tlsf	0	0
round_robin_arbiter_pb_3_pe_.tlsf	0	0
round_robin_arbiter_pb_4_pe_.tlsf	0	0
round_robin_arbiter_pb_5_pe_.tlsf	0	0
round_robin_arbiter_pb_6_pe_.tlsf	0	0
round_robin_arbiter_pb_7_pe_.tlsf	0	0
round_robin_arbiter_pb_8_pe_.tlsf	124	124
round_robin_arbiter_unreal1_pb_2_10_pe_.tlsf	124	124
round_robin_arbiter_unreal1_pb_2_11_pe_.tlsf	124	124
round_robin_arbiter_unreal1_pb_2_12_pe_.tlsf	124	124
round_robin_arbiter_unreal1_pb_2_13_pe_.tlsf	124	1
round_robin_arbiter_unreal1_pb_2_14_pe_.tlsf	1	1
round_robin_arbiter_unreal1_pb_2_15_pe_.tlsf	124	124
round_robin_arbiter_unreal1_pb_2_16_pe_.tlsf	124	124
round_robin_arbiter_unreal1_pb_2_1_pe_.tlsf	1	1
round_robin_arbiter_unreal1_pb_2_2_pe_.tlsf	1	1
round_robin_arbiter_unreal1_pb_2_3_pe_.tlsf	1	1
round_robin_arbiter_unreal1_pb_2_4_pe_.tlsf	1	1
round_robin_arbiter_unreal1_pb_2_5_pe_.tlsf	1	1
round_robin_arbiter_unreal1_pb_2_6_pe_.tlsf	124	124
round_robin_arbiter_unreal1_pb_2_7_pe_.tlsf	124	124
round_robin_arbiter_unreal1_pb_2_8_pe_.tlsf	124	124
round_robin_arbiter_unreal1_pb_2_9_pe_.tlsf	124	124
round_robin_arbiter_unreal1_pb_3_10_pe_.tlsf	124	124
round_robin_arbiter_unreal1_pb_3_11_pe_.tlsf	124	124
round_robin_arbiter_unreal1_pb_3_12_pe_.tlsf	124	124
round_robin_arbiter_unreal1_pb_3_13_pe_.tlsf	124	124
round_robin_arbiter_unreal1_pb_3_14_pe_.tlsf	124	124
round_robin_arbiter_unreal1_pb_3_15_pe_.tlsf	124	124
round_robin_arbiter_unreal1_pb_3_16_pe_.tlsf	124	124
round_robin_arbiter_unreal1_pb_3_1_pe_.tlsf	1	1
round_robin_arbiter_unreal1_pb_3_20_pe_.tlsf	124	124
round_robin_arbiter_unreal1_pb_3_22_pe_.tlsf	124	124
round_robin_arbiter_unreal1_pb_3_2_pe_.tlsf	1	1
round_robin_arbiter_unreal1_pb_3_3_pe_.tlsf	1	1
round_robin_arbiter_unreal1_pb_3_4_pe_.tlsf	124	124
round_robin_arbiter_unreal1_pb_3_50_pe_.tlsf	124	124
round_robin_arbiter_unreal1_pb_3_5_pe_.tlsf	124	124
round_robin_arbiter_unreal1_pb_3_6_pe_.tlsf	124	124
round_robin_arbiter_unreal1_pb_3_7_pe_.tlsf	124	124
round_robin_arbiter_unreal1_pb_3_8_pe_.tlsf	124	124
round_robin_arbiter_unreal1_pb_3_9_pe_.tlsf	124	124
round_robin_arbiter_unreal1_pb_4_10_pe_.tlsf	124	124
round_robin_arbiter_unreal1_pb_4_11_pe_.tlsf	124	124
round_robin_arbiter_unreal1_pb_4_12_pe_.tlsf	124	124
round_robin_arbiter_unreal1_pb_4_13_pe_.tlsf	124	124
round_robin_arbiter_unreal1_pb_4_14_pe_.tlsf	124	124
round_robin_arbiter_unreal1_pb_4_15_pe_.tlsf	124	124
round_robin_arbiter_unreal1_pb_4_16_pe_.tlsf	124	124
round_robin_arbiter_unreal1_pb_4_1_pe_.tlsf	1	1
round_robin_arbiter_unreal1_pb_4_2_pe_.tlsf	1	1
round_robin_arbiter_unreal1_pb_4_3_pe_.tlsf	124	124
round_robin_arbiter_unreal1_pb_4_4_pe_.tlsf	124	124
round_robin_arbiter_unreal1_pb_4_5_pe_.tlsf	124	124
round_robin_arbiter_unreal1_pb_4_6_pe_.tlsf	124	124
round_robin_arbiter_unreal1_pb_4_7_pe_.tlsf	124	124
round_robin_arbiter_unreal1_pb_4_8_pe_.tlsf	124	124
round_robin_arbiter_unreal1_pb_4_9_pe_.tlsf	124	124
round_robin_arbiter_unreal2_pb_2_pe_.tlsf	1	1
round_robin_arbiter_unreal2_pb_3_pe_.tlsf	1	1
round_robin_arbiter_unreal2_pb_4_pe_.tlsf	1	1
round_robin_arbiter_unreal2_pb_5_pe_.tlsf	1	1
round_robin_arbiter_unreal2_pb_6_pe_.tlsf	1	1
round_robin_arbiter_unreal2_pb_7_pe_.tlsf	1	1
round_robin_arbiter_unreal2_pb_8_pe_.tlsf	1	1
rw_arbiter_pb_10_pe_.tlsf	1	1
rw_arbiter_pb_1_pe_.tlsf	1	1
rw_arbiter_pb_2_pe_.tlsf	1	1
rw_arbiter_pb_3_pe_.tlsf	1	1
rw_arbiter_pb_4_pe_.tlsf	1	1
rw_arbiter_pb_5_pe_.tlsf	1	1
rw_arbiter_pb_6_pe_.tlsf	1	1
rw_arbiter_pb_7_pe_.tlsf	1	1
rw_arbiter_pb_8_pe_.tlsf	1	1
rw_arbiter_pb_9_pe_.tlsf	1	1
scheduler-real.tlsf	1	1
shift_pb_100_pe_.tlsf	0	0
shift_pb_10_pe_.tlsf	0	0
shift_pb_125_pe_.tlsf	0	0
shift_pb_12_pe_.tlsf	0	0
shift_pb_132_pe_.tlsf	0	0
shift_pb_16_pe_.tlsf	0	0
shift_pb_250_pe_.tlsf	0	0
shift_pb_32_pe_.tlsf	0	0
shift_pb_500_pe_.tlsf	0	0
shift_pb_64_pe_.tlsf	0	0
shift_pb_8_pe_.tlsf	0	0
simple_arbiter_enc_pb_10_pe_.tlsf	1	1
simple_arbiter_enc_pb_11_pe_.tlsf	1	1
simple_arbiter_enc_pb_12_pe_.tlsf	1	1
simple_arbiter_enc_pb_13_pe_.tlsf	1	1
simple_arbiter_enc_pb_14_pe_.tlsf	1	1
simple_arbiter_enc_pb_15_pe_.tlsf	1	1
simple_arbiter_enc_pb_16_pe_.tlsf	1	1
simple_arbiter_enc_pb_32_pe_.tlsf	1	1
simple_arbiter_enc_pb_64_pe_.tlsf	1	1
simple_arbiter_enc_pb_8_pe_.tlsf	1	1
simple_arbiter_unreal1_pb_16_1_pe_.tlsf	1	1
simple_arbiter_unreal1_pb_16_2_pe_.tlsf	1	1
simple_arbiter_unreal1_pb_16_3_pe_.tlsf	1	1
simple_arbiter_unreal1_pb_16_4_pe_.tlsf	1	1
simple_arbiter_unreal1_pb_16_5_pe_.tlsf	1	1
simple_arbiter_unreal1_pb_2_10_pe_.tlsf	1	1
simple_arbiter_unreal1_pb_2_12_pe_.tlsf	1	1
simple_arbiter_unreal1_pb_2_1_pe_.tlsf	1	1
simple_arbiter_unreal1_pb_2_2_pe_.tlsf	1	1
simple_arbiter_unreal1_pb_2_3_pe_.tlsf	1	1
simple_arbiter_unreal1_pb_2_4_pe_.tlsf	1	1
simple_arbiter_unreal1_pb_2_5_pe_.tlsf	1	1
simple_arbiter_unreal1_pb_2_6_pe_.tlsf	1	1
simple_arbiter_unreal1_pb_2_7_pe_.tlsf	1	1
simple_arbiter_unreal1_pb_2_8_pe_.tlsf	1	124
simple_arbiter_unreal1_pb_2_9_pe_.tlsf	1	1
simple_arbiter_unreal1_pb_3_11_pe_.tlsf	1	1
simple_arbiter_unreal1_pb_3_1_pe_.tlsf	1	1
simple_arbiter_unreal1_pb_3_2_pe_.tlsf	1	1
simple_arbiter_unreal1_pb_3_3_pe_.tlsf	1	1
simple_arbiter_unreal1_pb_3_4_pe_.tlsf	1	1
simple_arbiter_unreal1_pb_3_5_pe_.tlsf	1	1
simple_arbiter_unreal1_pb_3_6_pe_.tlsf	1	1
simple_arbiter_unreal1_pb_3_7_pe_.tlsf	1	1
simple_arbiter_unreal1_pb_3_8_pe_.tlsf	1	1
simple_arbiter_unreal1_pb_3_9_pe_.tlsf	1	1
simple_arbiter_unreal1_pb_4_10_pe_.tlsf	1	1
simple_arbiter_unreal1_pb_4_12_pe_.tlsf	1	1
simple_arbiter_unreal1_pb_4_1_pe_.tlsf	1	1
simple_arbiter_unreal1_pb_4_2_pe_.tlsf	1	1
simple_arbiter_unreal1_pb_4_3_pe_.tlsf	1	1
simple_arbiter_unreal1_pb_4_4_pe_.tlsf	124	124
simple_arbiter_unreal1_pb_4_5_pe_.tlsf	1	1
simple_arbiter_unreal1_pb_4_6_pe_.tlsf	1	1
simple_arbiter_unreal1_pb_4_7_pe_.tlsf	1	1
simple_arbiter_unreal1_pb_4_8_pe_.tlsf	1	1
simple_arbiter_unreal1_pb_4_9_pe_.tlsf	1	1
simple_arbiter_unreal1_pb_5_10_pe_.tlsf	1	1
simple_arbiter_unreal1_pb_5_1_pe_.tlsf	1	1
simple_arbiter_unreal1_pb_5_2_pe_.tlsf	1	1
simple_arbiter_unreal1_pb_5_3_pe_.tlsf	1	1
simple_arbiter_unreal1_pb_5_4_pe_.tlsf	1	1
simple_arbiter_unreal1_pb_5_5_pe_.tlsf	1	1
simple_arbiter_unreal1_pb_5_6_pe_.tlsf	1	1
simple_arbiter_unreal1_pb_5_7_pe_.tlsf	1	1
simple_arbiter_unreal1_pb_5_8_pe_.tlsf	1	1
simple_arbiter_unreal1_pb_5_9_pe_.tlsf	1	1
simple_arbiter_unreal1_pb_6_1_pe_.tlsf	1	1
simple_arbiter_unreal1_pb_6_2_pe_.tlsf	1	1
simple_arbiter_unreal1_pb_6_3_pe_.tlsf	124	124
simple_arbiter_unreal1_pb_6_4_pe_.tlsf	1	1
simple_arbiter_unreal1_pb_6_5_pe_.tlsf	1	1
simple_arbiter_unreal1_pb_8_8_pe_.tlsf	1	1
simple_arbiter_unreal2_pb_10_pe_.tlsf	1	1
simple_arbiter_unreal2_pb_25_pe_.tlsf	1	1
simple_arbiter_unreal2_pb_2_pe_.tlsf	1	1
simple_arbiter_unreal2_pb_3_pe_.tlsf	1	1
simple_arbiter_unreal2_pb_4_pe_.tlsf	1	1
simple_arbiter_unreal2_pb_50_pe_.tlsf	1	1
simple_arbiter_unreal2_pb_5_pe_.tlsf	1	1
simple_arbiter_unreal2_pb_60_pe_.tlsf	1	1
simple_arbiter_unreal2_pb_6_pe_.tlsf	1	1
simple_arbiter_unreal2_pb_75_pe_.tlsf	1	1
simple_arbiter_unreal2_pb_7_pe_.tlsf	1	1
simple_arbiter_unreal2_pb_8_pe_.tlsf	1	1
simple_arbiter_with_hints_pb_10_pe_.tlsf	1	1
simple_arbiter_with_hints_pb_12_pe_.tlsf	1	1
simple_arbiter_with_hints_pb_15_pe_.tlsf	1	1
simple_arbiter_with_hints_pb_2_pe_.tlsf	1	1
simple_arbiter_with_hints_pb_4_pe_.tlsf	1	1
simple_arbiter_with_hints_pb_6_pe_.tlsf	1	1
simple_arbiter_with_hints_pb_8_pe_.tlsf	1	1
solitary-real.tlsf	0	0
solitary0.tlsf	1	1
sort4-real.tlsf	1	1
sort40.tlsf	1	1
sort41.tlsf	1	1
sort42.tlsf	1	1
sort50.tlsf	1	1
sort51.tlsf	1	1
sort52.tlsf	1	1
sort53.tlsf	1	1
square5x5-real.tlsf	0	0
square5x50.tlsf	0	0
square5x51.tlsf	0	0
square5x52.tlsf	0	0
square5x53.tlsf	0	0
square5x54.tlsf	0	0
storage-GF-64-real.tlsf	1	1
tasks-real.tlsf	1	1
tasks-unreal0.tlsf	1	1
tasks-unreal1.tlsf	1	1
tasks-unreal2.tlsf	1	1
taxi-service-real.tlsf	1	1
taxi-service-u-unreal.tlsf	1	1
test2_f2774e0b.tlsf	0	0
test3_efe2feaf.tlsf	1	1
test4_4b82b1f4.tlsf	1	1
test5_6cbc6174.tlsf	1	1
test6_0f5381e9.tlsf	1	1
test7_2c5b09da.tlsf	1	1
test8_88f351a6.tlsf	1	1
test9_dd3a27e1.tlsf	1	1
test_f3987563.tlsf	1	1
thermostat-F-real.tlsf	1	1
thermostat-GF-real.tlsf	1	1
thermostat-GF-unreal0.tlsf	1	1
thermostat-GF-unreal1.tlsf	1	1
thermostat-GF-unreal2.tlsf	1	1
tmp_13cfc6f2.tlsf	1	1
unordered-visits-charging0.tlsf	1	1
unordered-visits-real.tlsf	1	1
workstation_resupply_pb_1_pe_.tlsf	1	1
workstation_resupply_pb_2_pe_.tlsf	1	1
workstation_resupply_pb_3_pe_.tlsf	1	1
workstation_resupply_pb_4_pe_.tlsf	1	1
workstation_resupply_pb_5_pe_.tlsf	1	1
workstation_resupply_pb_6_pe_.tlsf	1	1
workstation_resupply_pb_7_pe_.tlsf	1	1
shift.tlsf	0	0
simple_arbiter.tlsf	0	0
simple_arbiter_enc.tlsf	1	1
simple_arbiter_unreal1.tlsf	1	1
simple_arbiter_unreal2.tlsf	1	1
F-G-contradiction-10.tlsf	1	1
F-G-contradiction-11.tlsf	1	1
F-G-contradiction-110.tlsf	1	1
F-G-contradiction-111.tlsf	1	1
F-G-contradiction-112.tlsf	1	1
F-G-contradiction-113.tlsf	1	1
F-G-contradiction-114.tlsf	1	1
F-G-contradiction-12.tlsf	1	1
F-G-contradiction-13.tlsf	1	1
F-G-contradiction-14.tlsf	1	1
F-G-contradiction-15.tlsf	1	1
F-G-contradiction-16.tlsf	1	1
F-G-contradiction-17.tlsf	1	1
F-G-contradiction-18.tlsf	1	1
F-G-contradiction-19.tlsf	1	1
F-G-contradiction-2-unreal.tlsf	1	1
GF-G-contradiction0.tlsf	1	1
GF-G-contradiction1.tlsf	1	1
GF-G-contradiction2.tlsf	1	1
GF-G-contradiction3.tlsf	1	1
GF-G-contradiction4.tlsf	1	1
GF-G-contradiction5.tlsf	1	1
GF-G-contradiction6.tlsf	1	1
GF-G-contradiction7.tlsf	1	1
arbiter-paper-unreal-unreal.tlsf	1	1
arbiter-with-failure-real.tlsf	1	1
batch-arbiter-real.tlsf	1	1
box-limited-real.tlsf	0	0
box-real.tlsf	0	0
box0.tlsf	0	0
box1.tlsf	0	0
buffer-storage-real.tlsf	1	1
chain-4-real.tlsf	1	1
chain-5-real.tlsf	1	1
chain-60.tlsf	1	1
chain-70.tlsf	1	1
chain-simple-10-real.tlsf	1	1
chain-simple-20-real.tlsf	1	1
chain-simple-30-real.tlsf	1	1
chain-simple-40-real.tlsf	1	1
chain-simple-5-real.tlsf	1	1
chain-simple-50-real.tlsf	1	1
chain-simple-60-real.tlsf	1	1
chain-simple-70-real.tlsf	1	1
chain-simple-param-70-real.tlsf	1	1
diagonal-real.tlsf	0	0
elevator-paper-real.tlsf	1	1
evasion-real.tlsf	0	0
evasion0.tlsf	0	0
f-real-real.tlsf	1	1
f-unreal-unreal.tlsf	0	0
follow0.tlsf	0	0
follow1.tlsf	0	0
follow2.tlsf	0	0
follow3.tlsf	0	0
g-real-real.tlsf	1	1
g-real0.tlsf	1	1
g-unreal-1-unreal.tlsf	0	0
g-unreal-10.tlsf	0	0
g-unreal-11.tlsf	0	0
g-unreal-110.tlsf	0	0
g-unreal-111.tlsf	0	0
g-unreal-112.tlsf	0	0
g-unreal-113.tlsf	0	0
g-unreal-114.tlsf	0	0
g-unreal-115.tlsf	0	0
g-unreal-116.tlsf	0	0
g-unreal-117.tlsf	0	0
g-unreal-118.tlsf	0	0
g-unreal-119.tlsf	0	0
g-unreal-12.tlsf	0	0
g-unreal-120.tlsf	0	0
g-unreal-13.tlsf	0	0
g-unreal-14.tlsf	0	0
g-unreal-15.tlsf	0	0
g-unreal-16.tlsf	0	0
g-unreal-17.tlsf	0	0
g-unreal-18.tlsf	0	0
g-unreal-19.tlsf	0	0
g-unreal-20.tlsf	1	1
g-unreal-21.tlsf	1	1
g-unreal-30.tlsf	1	1
g-unreal-31.tlsf	1	1
g-unreal-310.tlsf	1	1
g-unreal-311.tlsf	1	1
g-unreal-312.tlsf	1	1
g-unreal-313.tlsf	1	1
g-unreal-314.tlsf	1	1
g-unreal-32.tlsf	1	1
g-unreal-33.tlsf	1	1
g-unreal-34.tlsf	1	1
g-unreal-35.tlsf	1	1
g-unreal-36.tlsf	1	1
g-unreal-37.tlsf	1	1
g-unreal-38.tlsf	1	1
g-unreal-39.tlsf	1	1
gf-real-real.tlsf	1	1
gf-unreal0.tlsf	0	0
gf-unreal1.tlsf	0	0
gf-unreal10.tlsf	0	0
gf-unreal11.tlsf	0	0
gf-unreal12.tlsf	0	0
gf-unreal13.tlsf	0	0
gf-unreal14.tlsf	0	0
gf-unreal15.tlsf	0	0
gf-unreal16.tlsf	0	0
gf-unreal17.tlsf	0	0
gf-unreal18.tlsf	0	0
gf-unreal19.tlsf	0	0
gf-unreal2.tlsf	0	0
gf-unreal20.tlsf	0	0
gf-unreal21.tlsf	0	0
gf-unreal22.tlsf	0	0
gf-unreal23.tlsf	0	0
gf-unreal24.tlsf	0	0
gf-unreal25.tlsf	0	0
gf-unreal26.tlsf	0	0
gf-unreal27.tlsf	0	0
gf-unreal28.tlsf	0	0
gf-unreal29.tlsf	0	0
gf-unreal3.tlsf	0	0
gf-unreal30.tlsf	0	0
gf-unreal31.tlsf	0	0
gf-unreal32.tlsf	0	0
gf-unreal33.tlsf	0	0
gf-unreal34.tlsf	0	0
gf-unreal35.tlsf	0	0
gf-unreal36.tlsf	0	0
gf-unreal37.tlsf	0	0
gf-unreal38.tlsf	0	0
gf-unreal39.tlsf	0	0
gf-unreal4.tlsf	0	0
gf-unreal40.tlsf	0	0
gf-unreal41.tlsf	0	0
gf-unreal42.tlsf	0	0
gf-unreal43.tlsf	0	0
gf-unreal44.tlsf	0	0
gf-unreal45.tlsf	0	0
gf-unreal46.tlsf	0	0
gf-unreal47.tlsf	0	0
gf-unreal5.tlsf	0	0
gf-unreal6.tlsf	0	0
gf-unreal7.tlsf	0	0
gf-unreal8.tlsf	0	0
gf-unreal9.tlsf	0	0
heim-buechi-real.tlsf	1	1
heim-double-x-real.tlsf	1	1
heim-double-x0.tlsf	1	1
heim-double-x1.tlsf	1	1
heim-double-x10.tlsf	1	1
heim-double-x11.tlsf	1	1
heim-double-x12.tlsf	1	1
heim-double-x13.tlsf	1	1
heim-double-x2.tlsf	1	1
heim-double-x3.tlsf	1	1
heim-double-x4.tlsf	1	1
heim-double-x5.tlsf	1	1
heim-double-x6.tlsf	1	1
heim-double-x7.tlsf	1	1
heim-double-x8.tlsf	1	1
heim-double-x9.tlsf	1	1
heim-fig7-unreal.tlsf	1	1
helipad-contradict0.tlsf	1	1
helipad-contradict1.tlsf	1	1
helipad-real.tlsf	1	1
infinite-race-real.tlsf	1	1
infinite-race-u0.tlsf	1	1
infinite-race-u1.tlsf	1	1
infinite-race-u10.tlsf	1	1
infinite-race-u11.tlsf	1	1
infinite-race-u12.tlsf	1	1
infinite-race-u13.tlsf	1	1
infinite-race-u14.tlsf	1	1
infinite-race-u15.tlsf	1	1
infinite-race-u16.tlsf	1	1
infinite-race-u17.tlsf	1	1
infinite-race-u18.tlsf	1	1
infinite-race-u19.tlsf	1	1
infinite-race-u2.tlsf	1	1
infinite-race-u20.tlsf	1	1
infinite-race-u21.tlsf	1	1
infinite-race-u22.tlsf	1	1
infinite-race-u23.tlsf	1	1
infinite-race-u24.tlsf	1	1
infinite-race-u25.tlsf	1	1
infinite-race-u3.tlsf	1	1
infinite-race-u4.tlsf	1	1
infinite-race-u5.tlsf	1	1
infinite-race-u6.tlsf	1	1
infinite-race-u7.tlsf	1	1
infinite-race-u8.tlsf	1	1
infinite-race-u9.tlsf	1	1
infinite-race-unequal-1-real.tlsf	1	1
infinite-race-unequal-10.tlsf	1	1
infinite-race-unequal-20.tlsf	1	1
infinite-race-unequal-21.tlsf	1	1
infinite-race-unequal-22.tlsf	1	1
infinite-race-unequal-23.tlsf	1	1
infinite-race-unequal-24.tlsf	1	1
infinite-race-unequal-25.tlsf	1	1
infinite-race-unequal-26.tlsf	1	1
items_processing-real.tlsf	1	1
ordered-visits-choice-real.tlsf	1	1
ordered-visits-real.tlsf	1	1
package-delivery-real.tlsf	1	1
patrolling-alarm0.tlsf	1	1
patrolling-alarm1.tlsf	1	1
patrolling-alarm10.tlsf	1	1
patrolling-alarm11.tlsf	1	1
patrolling-alarm12.tlsf	1	1
patrolling-alarm13.tlsf	1	1
patrolling-alarm14.tlsf	1	1
patrolling-alarm15.tlsf	1	1
patrolling-alarm16.tlsf	1	1
patrolling-alarm17.tlsf	1	1
patrolling-alarm18.tlsf	1	1
patrolling-alarm19.tlsf	1	1
patrolling-alarm2.tlsf	1	1
patrolling-alarm20.tlsf	1	1
patrolling-alarm21.tlsf	1	1
patrolling-alarm22.tlsf	1	1
patrolling-alarm23.tlsf	1	1
patrolling-alarm24.tlsf	1	1
patrolling-alarm25.tlsf	1	1
patrolling-alarm26.tlsf	1	1
patrolling-alarm3.tlsf	1	1
patrolling-alarm4.tlsf	1	1
patrolling-alarm5.tlsf	1	1
patrolling-alarm6.tlsf	1	1
patrolling-alarm7.tlsf	1	1
patrolling-alarm8.tlsf	1	1
patrolling-alarm9.tlsf	1	1
patrolling0.tlsf	1	1
patrolling1.tlsf	1	1
patrolling10.tlsf	1	1
patrolling11.tlsf	1	1
patrolling12.tlsf	1	1
patrolling13.tlsf	1	1
patrolling14.tlsf	1	1
patrolling15.tlsf	1	1
patrolling16.tlsf	1	1
patrolling17.tlsf	1	1
patrolling18.tlsf	1	1
patrolling19.tlsf	1	1
patrolling2.tlsf	1	1
patrolling20.tlsf	1	1
patrolling21.tlsf	1	1
patrolling22.tlsf	1	1
patrolling23.tlsf	1	1
patrolling24.tlsf	1	1
patrolling25.tlsf	1	1
patrolling3.tlsf	1	1
patrolling4.tlsf	1	1
patrolling5.tlsf	1	1
patrolling6.tlsf	1	1
patrolling7.tlsf	1	1
patrolling8.tlsf	1	1
patrolling9.tlsf	1	1
precise-reachability-real.tlsf	1	1
precise-reachability0.tlsf	1	1
reversible-lane-r-real.tlsf	1	1
reversible-lane-u-unreal.tlsf	1	1
reversible-lane-u0.tlsf	1	1
reversible-lane-u1.tlsf	1	1
robot-cat-real-1d-real.tlsf	1	1
robot-cat-real-2d-real.tlsf	1	1
robot-cat-unreal-1d-unreal.tlsf	1	1
robot-cat-unreal-2d-unreal.tlsf	1	1
robot-grid-commute-1d-real.tlsf	1	1
robot-grid-commute-2d-real.tlsf	1	1
robot-grid-reach-1d-real.tlsf	1	1
robot-grid-reach-2d-real.tlsf	1	1
robot-grid-reach-repeated-with-obstacles-1d-real.tlsf	1	1
robot-grid-reach-repeated-with-obstacles-2d-real.tlsf	1	1
robot-grid-reach-repeated-with-obstacles-6d-real.tlsf	1	1
robot-resource-1d-unreal.tlsf	1	1
robot-resource-1d0.tlsf	1	1
robot-resource-1d1.tlsf	1	1
robot-resource-2d0.tlsf	1	1
robot-resource-2d1.tlsf	1	1
robot-resource-2d10.tlsf	1	1
robot-resource-2d11.tlsf	1	1
robot-resource-2d12.tlsf	1	1
robot-resource-2d13.tlsf	1	1
robot-resource-2d14.tlsf	1	1
robot-resource-2d15.tlsf	1	1
robot-resource-2d16.tlsf	1	1
robot-resource-2d17.tlsf	1	1
robot-resource-2d18.tlsf	1	1
robot-resource-2d19.tlsf	1	1
robot-resource-2d2.tlsf	1	1
robot-resource-2d20.tlsf	1	1
robot-resource-2d21.tlsf	1	1
robot-resource-2d22.tlsf	1	1
robot-resource-2d23.tlsf	1	1
robot-resource-2d3.tlsf	1	1
robot-resource-2d4.tlsf	1	1
robot-resource-2d5.tlsf	1	1
robot-resource-2d6.tlsf	1	1
robot-resource-2d7.tlsf	1	1
robot-resource-2d8.tlsf	1	1
robot-resource-2d9.tlsf	1	1
robot-tasks-real.tlsf	0	0
robot-to-target-charging-real.tlsf	1	1
robot-to-target-charging-unreal0.tlsf	1	1
robot-to-target-charging-unreal1.tlsf	1	1
robot-to-target-charging-unreal2.tlsf	1	1
robot-to-target-charging-unreal3.tlsf	1	1
robot-to-target-charging-unreal4.tlsf	1	1
robot-to-target-charging-unreal5.tlsf	1	1
robot-to-target-charging-unreal6.tlsf	1	1
robot-to-target-charging-unreal7.tlsf	1	1
robot-to-target-charging-unreal8.tlsf	1	1
robot-to-target-charging0.tlsf	1	1
robot-to-target-charging1.tlsf	1	1
robot-to-target-charging10.tlsf	1	1
robot-to-target-charging11.tlsf	1	1
robot-to-target-charging12.tlsf	1	1
robot-to-target-charging13.tlsf	1	1
robot-to-target-charging14.tlsf	1	1
robot-to-target-charging15.tlsf	1	1
robot-to-target-charging16.tlsf	1	1
robot-to-target-charging17.tlsf	1	1
robot-to-target-charging18.tlsf	1	1
robot-to-target-charging19.tlsf	1	1
robot-to-target-charging2.tlsf	1	1
robot-to-target-charging20.tlsf	1	1
robot-to-target-charging21.tlsf	1	1
robot-to-target-charging22.tlsf	1	1
robot-to-target-charging23.tlsf	1	1
robot-to-target-charging24.tlsf	1	1
robot-to-target-charging25.tlsf	1	1
robot-to-target-charging3.tlsf	1	1
robot-to-target-charging4.tlsf	1	1
robot-to-target-charging5.tlsf	1	1
robot-to-target-charging6.tlsf	1	1
robot-to-target-charging7.tlsf	1	1
robot-to-target-charging8.tlsf	1	1
robot-to-target-charging9.tlsf	1	1
robot-to-target-unreal0.tlsf	1	1
robot-to-target0.tlsf	1	1
robot_analyze_samples_v1-real.tlsf	1	1
robot_collect_samples_v1-real.tlsf	1	1
robot_collect_samples_v2-real.tlsf	1	1
robot_collect_samples_v3-real.tlsf	1	1
robot_collect_samples_v4-real.tlsf	1	1
robot_deliver_products_1-real.tlsf	1	1
robot_deliver_products_20.tlsf	1	1
robot_deliver_products_30.tlsf	1	1
robot_deliver_products_40.tlsf	1	1
robot_deliver_products_50.tlsf	1	1
robot_repair0.tlsf	1	1
robot_repair1.tlsf	1	1
robot_repair2.tlsf	1	1
robot_repair3.tlsf	1	1
robot_repair4.tlsf	1	1
robot_repair5.tlsf	1	1
robot_running-real.tlsf	1	1
scheduler-real.tlsf	1	1
solitary-real.tlsf	0	0
solitary0.tlsf	1	1
sort4-real.tlsf	1	1
sort40.tlsf	1	1
sort41.tlsf	1	1
sort42.tlsf	1	1
sort50.tlsf	1	1
sort51.tlsf	1	1
sort52.tlsf	1	1
sort53.tlsf	1	1
square5x5-real.tlsf	0	0
square5x50.tlsf	0	0
square5x51.tlsf	0	0
square5x52.tlsf	0	0
square5x53.tlsf	0	0
square5x54.tlsf	0	0
storage-GF-64-real.tlsf	1	1
tasks-real.tlsf	1	1
tasks-unreal0.tlsf	1	1
tasks-unreal1.tlsf	1	1
tasks-unreal2.tlsf	1	1
taxi-service-real.tlsf	1	1
taxi-service-u-unreal.tlsf	1	1
thermostat-F-real.tlsf	1	1
thermostat-GF-real.tlsf	1	1
thermostat-GF-unreal0.tlsf	1	1
thermostat-GF-unreal1.tlsf	1	1
thermostat-GF-unreal2.tlsf	1	1
unordered-visits-charging0.tlsf	1	1
unordered-visits-real.tlsf	1	1
ActionConverter.tlsf	0	0
Automata.tlsf	0	0
Automata16S.tlsf	1	1
Automata32S.tlsf	1	1
Button.tlsf	0	0
Cockpitboard.tlsf	0	0
EnemeyModule.tlsf	0	0
EscalatorBidirectional.tlsf	0	0
EscalatorBidirectionalInit.tlsf	0	0
EscalatorCounting.tlsf	0	0
EscalatorCountingInit.tlsf	0	0
EscalatorNonCounting.tlsf	0	0
EscalatorNonReactive.tlsf	0	0
EscalatorSmart.tlsf	1	1
Gamelogic.tlsf	0	0
GamemodeChooser.tlsf	0	0
Gamemodule.tlsf	0	0
Increment.tlsf	0	0
KitchenTimerV0.tlsf	0	0
KitchenTimerV1.tlsf	0	0
KitchenTimerV10.tlsf	1	1
KitchenTimerV2.tlsf	0	0
KitchenTimerV3.tlsf	0	0
KitchenTimerV4.tlsf	0	0
KitchenTimerV5.tlsf	0	0
KitchenTimerV6.tlsf	0	0
KitchenTimerV7.tlsf	0	0
KitchenTimerV8.tlsf	0	0
KitchenTimerV9.tlsf	0	0
LedMatrix.tlsf	1	1
ModdifiedLedMatrix4X.tlsf	1	1
ModdifiedLedMatrix5X.tlsf	1	1
MusicAppFeedback.tlsf	1	1
MusicAppMotivating.tlsf	0	0
MusicAppSimple.tlsf	1	1
OneCounter.tlsf	0	0
OneCounterGui.tlsf	1	1
OneCounterGuiA1.tlsf	1	1
OneCounterGuiA2.tlsf	1	1
OneCounterGuiA3.tlsf	1	1
OneCounterGuiA4.tlsf	1	1
OneCounterGuiA5.tlsf	1	1
OneCounterGuiA6.tlsf	1	1
OneCounterGuiA7.tlsf	1	1
OneCounterGuiA8.tlsf	1	1
OneCounterInRange.tlsf	1	1
OneCounterInRangeA1.tlsf	1	1
OneCounterInRangeA2.tlsf	1	1
OneCounterInRangeA3.tlsf	0	0
Radarboard.tlsf	0	0
RegManager.tlsf	0	0
RotationCalculator.tlsf	0	0
SPI.tlsf	0	0
SPIPureNext.tlsf	1	1
SPIReadClk.tlsf	0	0
SPIReadManag.tlsf	1	1
SPIReadSdi.tlsf	0	0
SPIWriteClk.tlsf	0	0
SPIWriteManag.tlsf	1	1
SPIWriteSdi.tlsf	0	0
Scoreboard.tlsf	0	0
Sensor.tlsf	1	1
SensorInit.tlsf	0	0
SensorPart.tlsf	0	0
SensorRegister.tlsf	0	0
SensorSelector.tlsf	0	0
SensorSubmodulChooser.tlsf	0	0
SliderDefault.tlsf	1	1
SliderDelayed.tlsf	1	1
SliderScored.tlsf	1	1
TorcsAccelerating.tlsf	0	0
TorcsGearing.tlsf	0	0
TorcsSimple.tlsf	0	0
TorcsSteeringImproved.tlsf	1	1
TorcsSteeringSimple.tlsf	0	0
TorcsSteeringSmart.tlsf	1	1
TwoCounters.tlsf	1	1
TwoCounters2.tlsf	1	1
TwoCounters3.tlsf	0	0
TwoCounters4.tlsf	0	0
TwoCounters5.tlsf	1	1
TwoCountersDisButA0.tlsf	1	1
TwoCountersDisButA1.tlsf	1	1
TwoCountersDisButA2.tlsf	1	1
TwoCountersDisButA3.tlsf	1	1
TwoCountersDisButA4.tlsf	1	1
TwoCountersDisButA5.tlsf	1	1
TwoCountersDisButA6.tlsf	1	1
TwoCountersDisButA7.tlsf	1	1
TwoCountersDisButA8.tlsf	1	1
TwoCountersDisButA9.tlsf	1	1
TwoCountersDisButAC.tlsf	1	1
TwoCountersGui.tlsf	1	1
TwoCountersInRange.tlsf	1	1
TwoCountersInRangeA1.tlsf	1	1
TwoCountersInRangeA2.tlsf	1	1
TwoCountersInRangeA3.tlsf	1	1
TwoCountersInRangeA4.tlsf	1	1
TwoCountersInRangeA5.tlsf	1	1
TwoCountersInRangeM0.tlsf	1	1
TwoCountersInRangeM1.tlsf	1	1
TwoCountersInRangeM2.tlsf	1	1
TwoCountersInRangeM3.tlsf	1	1
TwoCountersInRangeM4.tlsf	1	1
TwoCountersRefined.tlsf	1	1
TwoCountersRefinedRefined.tlsf	0	0
UnderapproxDemo2.tlsf	0	0
UnderapproxStrengthenedDemo.tlsf	0	0
Zoo0.tlsf	1	1
Zoo10.tlsf	1	1
Zoo5.tlsf	1	1
AlarmMin_efe2feaf.tlsf	1	1
Alarm_06e9cad4.tlsf	1	1
Alarm_2d1010f8.tlsf	1	1
Alarm_68c86764.tlsf	1	1
Alarm_70523fbe.tlsf	1	1
Alarm_88c5c1c3.tlsf	1	1
Alarm_9cac58d3.tlsf	1	1
Alarm_a5f99bc6.tlsf	1	1
Alarm_f2774e0b.tlsf	1	1
AllHeating_d6376bf9.tlsf	1	1
AllLights_06e9cad4.tlsf	1	1
AllLights_2c5b09da.tlsf	1	1
AllLights_63831f8c.tlsf	1	1
AllLights_aeb1d897.tlsf	1	1
AllLights_b209ff21.tlsf	1	1
AllLights_d6c5ac79.tlsf	1	1
AllShades_66f450a4.tlsf	1	1
Assumptions_a50cadd7.tlsf	1	1
Assumptions_a50cadd7_1.tlsf	1	1
Assumptions_a50cadd7_2.tlsf	1	1
Assumptions_a50cadd7_3.tlsf	1	1
Assumptions_a50cadd7_4.tlsf	1	1
Assumptions_a50cadd7_5.tlsf	1	1
Assumptions_a50cadd7_7.tlsf	1	1
CheckAlarmBroken1_1a2942e3.tlsf	1	1
CheckAlarm_6bea956e.tlsf	1	1
CheckCoffeMachineBroken1_a5f99bc6.tlsf	1	1
CheckCoffeMachine_3461125b.tlsf	1	1
CheckCoffeMachine_f3987563.tlsf	1	1
CheckDoor_c2b9e44d.tlsf	1	1
CheckHeating_2418b67e.tlsf	1	1
CheckHeating_3461125b.tlsf	1	1
CheckLight_007df645.tlsf	1	1
CheckLight_aeb1d897.tlsf	1	1
CheckRoom_06e9cad4.tlsf	0	0
CheckRoom_2c5b09da.tlsf	0	0
CheckRoom_3916ec59.tlsf	0	0
CheckRoom_70523fbe.tlsf	0	0
CheckShades_1a2942e3.tlsf	1	1
CheckShades_3461125b.tlsf	1	1
CheckShades_4d4ca5c4.tlsf	1	1
CheckShades_aeb1d897.tlsf	1	1
CheckTime_3916ec59.tlsf	0	0
CheckTime_4b5e6eaa.tlsf	0	0
CheckTime_54e1f7d2.tlsf	0	0
CheckTimer_54e1f7d2.tlsf	1	1
CheckTimer_fa8592c8.tlsf	1	1
CheckWarnlightBroken1_70523fbe.tlsf	1	1
CheckWarnlight_1cf58fc1.tlsf	1	1
CheckWarnlight_4b5a2bad.tlsf	1	1
CheckWarnlight_54e1f7d2.tlsf	1	1
CheckWarnlight_6bea956e.tlsf	1	1
CheckWindows_54e1f7d2.tlsf	0	0
Cockpitboard_efe2feaf.tlsf	0	0
CoffeMachine_974f4a68.tlsf	1	1
CoffeMachine_a50cadd7.tlsf	1	1
CoffeeMin_88f351a6.tlsf	1	1
Coffee_06e9cad4.tlsf	1	1
Coffee_235467da.tlsf	1	1
Coffee_2c5b09da.tlsf	1	1
Coffee_6479ef9a.tlsf	1	1
Coffee_d6376bf9.tlsf	1	1
Coffee_efe2feaf.tlsf	1	1
Coffee_f1477cc5.tlsf	1	1
Core_4b5a2bad.tlsf	1	1
Core_66f450a4.tlsf	1	1
Core_fa4d4ce3.tlsf	1	1
Core_solved_974f4a68.tlsf	1	1
Demo1_06e9cad4.tlsf	1	1
Demo1_2c5b09da.tlsf	1	1
Demo1_2c5b09da_1.tlsf	1	1
Demo1_2c5b09da_3.tlsf	1	1
Demo1_2c5b09da_4.tlsf	1	1
Demo1_2c5b09da_5.tlsf	1	1
Demo1_63831f8c.tlsf	1	1
Demo1_63831f8c_1.tlsf	1	1
Demo1_c2b9e44d.tlsf	1	1
Demo1_c2b9e44d_1.tlsf	1	1
Demo1_c2b9e44d_2.tlsf	1	1
Demo1_c2b9e44d_3.tlsf	1	1
Demo1_c2b9e44d_4.tlsf	1	1
Demo1_c2b9e44d_5.tlsf	1	1
Demo1_d65ed84e.tlsf	1	1
Demo1_d65ed84e_1.tlsf	1	1
Demo1_d65ed84e_3.tlsf	1	1
Demo1_d65ed84e_4.tlsf	1	1
Demo1_d65ed84e_5.tlsf	1	1
DeviceBehaviorChec_fa8592c8.tlsf	1	1
Door_2d1010f8.tlsf	1	1
Example1_d6376bf9.tlsf	0	0
Example1_d6376bf9_1.tlsf	0	0
Example1_d6376bf9_2.tlsf	0	0
Example1_d6376bf9_3.tlsf	0	0
FelixSpecFixed2.2.core_fa8592c8.tlsf	1	1
FelixSpecFixed2_fa4d4ce3.tlsf	1	1
FelixSpecFixed2_fa4d4ce3_1.tlsf	1	1
FelixSpecFixed3.core_b209ff21.tlsf	1	1
FelixSpecFixed3_b0840146.tlsf	1	1
FelixSpecFixed3_b0840146_1.tlsf	1	1
FelixSpecFixed4GuaranteesOnly_88f351a6.tlsf	1	1
FelixSpecFixed4GuaranteesOnly_88f351a6_1.tlsf	1	1
FelixSpecFixed4GuaranteesOnly_88f351a6_2.tlsf	1	1
FelixSpecFixed4_3916ec59.tlsf	1	1
FelixSpecFixed4_3916ec59_1.tlsf	1	1
FelixSpecFixed4_3916ec59_2.tlsf	1	1
FelixSpecFixed5_f82794da.tlsf	1	1
FelixSpecFixed5_f82794da_1.tlsf	1	1
FelixSpecFixed_2418b67e.tlsf	1	1
FelixSpecFixed_2418b67e_1.tlsf	1	1
Full_f1477cc5.tlsf	1	1
Full_f1477cc5_1.tlsf	1	1
Full_f1477cc5_2.tlsf	1	1
HeatingMin_d6c5ac79.tlsf	1	1
Heating_235467da.tlsf	1	1
Heating_974f4a68.tlsf	1	1
Heating_b02056d6.tlsf	1	1
Heating_b209ff21.tlsf	1	1
IntendDemo_42dc4fff.tlsf	1	1
IntendDemo_42dc4fff_1.tlsf	1	1
IntendDemo_42dc4fff_2.tlsf	0	0
IntendDemo_42dc4fff_3.tlsf	0	0
IntendDemo_42dc4fff_4.tlsf	1	1
IntendDemo_42dc4fff_5.tlsf	0	0
IntendDemo_42dc4fff_6.tlsf	0	0
LampController_974f4a68.tlsf	1	1
Light_a50cadd7.tlsf	1	1
Light_aeb1d897.tlsf	1	1
Light_d65ed84e.tlsf	1	1
Lights2Min_9cbf2546.tlsf	1	1
Lights2_06e9cad4.tlsf	1	1
Lights2_0f5381e9.tlsf	1	1
Lights2_2c5b09da.tlsf	1	1
Lights2_9cac58d3.tlsf	1	1
Lights2_b02056d6.tlsf	1	1
Lights2_f1477cc5.tlsf	1	1
Lights2_f1477cc5_1.tlsf	1	1
Lights2_f1477cc5_2.tlsf	0	0
Lights2_f3987563.tlsf	1	1
Lights3Min_6479ef9a.tlsf	1	1
Lights3_06e9cad4.tlsf	1	1
Lights3_235467da.tlsf	1	1
Lights3_2c5b09da.tlsf	1	1
Lights3_3916ec59.tlsf	1	1
Lights3_6bea956e.tlsf	1	1
Lights3_f1477cc5.tlsf	1	1
LightsMin_6bea956e.tlsf	1	1
LightsTotal_06e9cad4.tlsf	1	1
LightsTotal_2c5b09da.tlsf	1	1
LightsTotal_9cbf2546.tlsf	1	1
LightsTotal_d65ed84e.tlsf	1	1
Lights_06e9cad4.tlsf	1	1
Lights_2c5b09da.tlsf	1	1
Lights_3461125b.tlsf	1	1
Lights_9cac58d3.tlsf	1	1
Lights_b0840146.tlsf	1	1
Lights_f3987563.tlsf	1	1
Morning2Min_6cbc6174.tlsf	1	1
Morning2_06e9cad4.tlsf	1	1
Morning2_1cf58fc1.tlsf	1	1
Morning2_2c5b09da.tlsf	1	1
Morning2_407db2cc.tlsf	1	1
Morning2_4d4ca5c4.tlsf	1	1
Morning2_63831f8c.tlsf	1	1
Morning2_68c86764.tlsf	1	1
Morning2_9cac58d3.tlsf	1	1
Morning2_d65ed84e.tlsf	1	1
Morning2s_06cf2373.tlsf	1	1
Morning2s_06e9cad4.tlsf	1	1
Morning2s_2c5b09da.tlsf	1	1
Morning2s_2c5b09da_1.tlsf	1	1
Morning2s_2c5b09da_2.tlsf	1	1
Morning2s_2c5b09da_3.tlsf	1	1
Morning2s_42dc4fff.tlsf	1	1
Morning2s_42dc4fff_2.tlsf	1	1
Morning2s_42dc4fff_3.tlsf	1	1
Morning2s_9cbf2546.tlsf	1	1
Morning2s_9cbf2546_2.tlsf	1	1
Morning2s_9cbf2546_3.tlsf	1	1
Morning2s_d6c5ac79.tlsf	1	1
Morning2s_d6c5ac79_2.tlsf	1	1
MorningMin_d6c5ac79.tlsf	1	1
Morning_14a3b3a2.tlsf	1	1
Morning_4b5e6eaa.tlsf	1	1
Morning_88c5c1c3.tlsf	1	1
Morning_9cac58d3.tlsf	1	1
Morning_c92eb242.tlsf	1	1
Morning_f1477cc5.tlsf	1	1
Morning_f2774e0b.tlsf	1	1
PlugController_fa4d4ce3.tlsf	1	1
Room_a50cadd7.tlsf	0	0
Shades2Min_63831f8c.tlsf	1	1
Shades2_235467da.tlsf	1	1
Shades2_42dc4fff.tlsf	1	1
Shades2_70523fbe.tlsf	1	1
Shades2_a5f99bc6.tlsf	1	1
ShadesMin_aeb1d897.tlsf	1	1
Shades_6479ef9a.tlsf	1	1
Shades_974f4a68.tlsf	1	1
Shades_9cac58d3.tlsf	1	1
Shades_a02758ea.tlsf	1	1
SingleContoller_d65ed84e.tlsf	1	1
System_b0840146.tlsf	1	1
Time_a50cadd7.tlsf	0	0
Timer_a50cadd7.tlsf	0	0
Warnlight_2d1010f8.tlsf	1	1
Warnlight_a50cadd7.tlsf	1	1
Window2Min_88c5c1c3.tlsf	1	1
Window2_54e1f7d2.tlsf	1	1
Window2_6479ef9a.tlsf	1	1
Window2_9cac58d3.tlsf	1	1
Window2_9cac58d3_2.tlsf	1	1
Window2_aeb1d897.tlsf	1	1
Window2_f1477cc5.tlsf	1	1
WindowMin_a5f99bc6.tlsf	1	1
Window_235467da.tlsf	1	1
Window_42dc4fff.tlsf	1	1
Window_54e1f7d2.tlsf	1	1
door_locking_problem_d6c5ac79.tlsf	1	1
jarvis_gideon_a02758ea.tlsf	1	1
jarvis_gideon_a02758ea_1.tlsf	1	1
jarvis_gideon_a02758ea_2.tlsf	1	1
jarvis_gideon_a02758ea_3.tlsf	0	0
jarvis_gideon_a02758ea_4.tlsf	0	0
jarvis_gideon_a02758ea_5.tlsf	1	1
jarvis_gideon_a02758ea_6.tlsf	1	1
jarvis_gideon_a02758ea_8.tlsf	0	0
jarvis_philippe_484face8.tlsf	1	1
jarvis_philippe_484face8_1.tlsf	1	1
jarvis_philippe_484face8_2.tlsf	1	1
jarvis_philippe_484face8_3.tlsf	1	1
jarvis_philippe_484face8_4.tlsf	1	1
jarvis_philippe_484face8_5.tlsf	1	1
jarvis_philippe_484face8_6.tlsf	1	1
jarvis_philippe_484face8_7.tlsf	1	1
jarvis_philippe_484face8_8.tlsf	1	1
lazy_shades_problem_d6376bf9.tlsf	1	1
test2_f2774e0b.tlsf	0	0
test2_f2774e0b_1.tlsf	0	0
test2_f2774e0b_2.tlsf	0	0
test2_f2774e0b_3.tlsf	0	0
test3_efe2feaf.tlsf	1	1
test4_4b82b1f4.tlsf	1	1
test4_4b82b1f4_1.tlsf	1	1
test4_4b82b1f4_2.tlsf	0	0
test5_6cbc6174.tlsf	1	1
test6_0f5381e9.tlsf	1	1
test7_2c5b09da.tlsf	1	1
test8_88f351a6.tlsf	1	1
test9_dd3a27e1.tlsf	1	1
test9_dd3a27e1_1.tlsf	1	1
test9_dd3a27e1_2.tlsf	1	1
test_f3987563.tlsf	1	1
test_f3987563_1.tlsf	1	1
test_f3987563_2.tlsf	1	1
tmp_13cfc6f2.tlsf	1	1
tmp_13cfc6f2_1.tlsf	1	1
tmp_13cfc6f2_2.tlsf	1	1
Example.tlsf	1	1
